grouping_variable,group_value,row_count,late_count,not_late_count,late_delivery_rate,difference_from_overall_rate,sample_size_flag,leakage_review_result,eda_usage_note
Shipping Mode,Standard Class,107752,41023,66729,0.380717,-0.167574,meets_min_support,approved_by_leakage_conceptual_screening: ao1_policy=allowed; screening_status=deferred_to_gold; decision_time_availability=before_dispatch,Safe for descriptive AO1 class imbalance and modeling design discussion; not final feature approval.
Shipping Mode,Second Class,35216,26987,8229,0.766328,0.218036,meets_min_support,approved_by_leakage_conceptual_screening: ao1_policy=allowed; screening_status=deferred_to_gold; decision_time_availability=before_dispatch,Safe for descriptive AO1 class imbalance and modeling design discussion; not final feature approval.
Shipping Mode,First Class,27814,26513,1301,0.953225,0.404934,meets_min_support,approved_by_leakage_conceptual_screening: ao1_policy=allowed; screening_status=deferred_to_gold; decision_time_availability=before_dispatch,Safe for descriptive AO1 class imbalance and modeling design discussion; not final feature approval.
Shipping Mode,Same Day,9737,4454,5283,0.45743,-0.090861,meets_min_support,approved_by_leakage_conceptual_screening: ao1_policy=allowed; screening_status=deferred_to_gold; decision_time_availability=before_dispatch,Safe for descriptive AO1 class imbalance and modeling design discussion; not final feature approval.
shipping_speed_tier,economy,107752,41023,66729,0.380717,-0.167574,meets_min_support,approved_by_leakage_conceptual_screening: ao1_policy=allowed; screening_status=deferred_to_gold; decision_time_availability=before_dispatch_derived,Safe for descriptive AO1 class imbalance and modeling design discussion; not final feature approval.
shipping_speed_tier,expedited,37551,30967,6584,0.824665,0.276374,meets_min_support,approved_by_leakage_conceptual_screening: ao1_policy=allowed; screening_status=deferred_to_gold; decision_time_availability=before_dispatch_derived,Safe for descriptive AO1 class imbalance and modeling design discussion; not final feature approval.
shipping_speed_tier,standard,35216,26987,8229,0.766328,0.218036,meets_min_support,approved_by_leakage_conceptual_screening: ao1_policy=allowed; screening_status=deferred_to_gold; decision_time_availability=before_dispatch_derived,Safe for descriptive AO1 class imbalance and modeling design discussion; not final feature approval.
Market,LATAM,51594,28044,23550,0.543552,-0.00474,meets_min_support,approved_by_leakage_conceptual_screening: ao1_policy=allowed; screening_status=deferred_to_gold; decision_time_availability=order_creation,Safe for descriptive AO1 class imbalance and modeling design discussion; not final feature approval.
Market,Europe,50252,27743,22509,0.552078,0.003786,meets_min_support,approved_by_leakage_conceptual_screening: ao1_policy=allowed; screening_status=deferred_to_gold; decision_time_availability=order_creation,Safe for descriptive AO1 class imbalance and modeling design discussion; not final feature approval.
Market,Pacific Asia,41260,22712,18548,0.55046,0.002169,meets_min_support,approved_by_leakage_conceptual_screening: ao1_policy=allowed; screening_status=deferred_to_gold; decision_time_availability=order_creation,Safe for descriptive AO1 class imbalance and modeling design discussion; not final feature approval.
Market,USCA,25799,14138,11661,0.548006,-0.000286,meets_min_support,approved_by_leakage_conceptual_screening: ao1_policy=allowed; screening_status=deferred_to_gold; decision_time_availability=order_creation,Safe for descriptive AO1 class imbalance and modeling design discussion; not final feature approval.
Market,Africa,11614,6340,5274,0.545893,-0.002398,meets_min_support,approved_by_leakage_conceptual_screening: ao1_policy=allowed; screening_status=deferred_to_gold; decision_time_availability=order_creation,Safe for descriptive AO1 class imbalance and modeling design discussion; not final feature approval.
Order Region,Central America,28341,15518,12823,0.547546,-0.000745,meets_min_support,approved_by_leakage_conceptual_screening: ao1_policy=allowed; screening_status=deferred_to_gold; decision_time_availability=order_creation,Safe for descriptive AO1 class imbalance and modeling design discussion; not final feature approval.
Order Region,Western Europe,27109,15140,11969,0.558486,0.010195,meets_min_support,approved_by_leakage_conceptual_screening: ao1_policy=allowed; screening_status=deferred_to_gold; decision_time_availability=order_creation,Safe for descriptive AO1 class imbalance and modeling design discussion; not final feature approval.
Order Region,South America,14935,8111,6824,0.543087,-0.005205,meets_min_support,approved_by_leakage_conceptual_screening: ao1_policy=allowed; screening_status=deferred_to_gold; decision_time_availability=order_creation,Safe for descriptive AO1 class imbalance and modeling design discussion; not final feature approval.
Order Region,Oceania,10148,5482,4666,0.540205,-0.008086,meets_min_support,approved_by_leakage_conceptual_screening: ao1_policy=allowed; screening_status=deferred_to_gold; decision_time_availability=order_creation,Safe for descriptive AO1 class imbalance and modeling design discussion; not final feature approval.
Order Region,Northern Europe,9792,5292,4500,0.540441,-0.00785,meets_min_support,approved_by_leakage_conceptual_screening: ao1_policy=allowed; screening_status=deferred_to_gold; decision_time_availability=order_creation,Safe for descriptive AO1 class imbalance and modeling design discussion; not final feature approval.
Order Region,Southeast Asia,9539,5297,4242,0.555299,0.007008,meets_min_support,approved_by_leakage_conceptual_screening: ao1_policy=allowed; screening_status=deferred_to_gold; decision_time_availability=order_creation,Safe for descriptive AO1 class imbalance and modeling design discussion; not final feature approval.
Order Region,Southern Europe,9431,5129,4302,0.543845,-0.004447,meets_min_support,approved_by_leakage_conceptual_screening: ao1_policy=allowed; screening_status=deferred_to_gold; decision_time_availability=order_creation,Safe for descriptive AO1 class imbalance and modeling design discussion; not final feature approval.
Order Region,Caribbean,8318,4415,3903,0.530777,-0.017515,meets_min_support,approved_by_leakage_conceptual_screening: ao1_policy=allowed; screening_status=deferred_to_gold; decision_time_availability=order_creation,Safe for descriptive AO1 class imbalance and modeling design discussion; not final feature approval.
Order Region,West of USA,7993,4313,3680,0.539597,-0.008694,meets_min_support,approved_by_leakage_conceptual_screening: ao1_policy=allowed; screening_status=deferred_to_gold; decision_time_availability=order_creation,Safe for descriptive AO1 class imbalance and modeling design discussion; not final feature approval.
Order Region,South Asia,7731,4350,3381,0.56267,0.014378,meets_min_support,approved_by_leakage_conceptual_screening: ao1_policy=allowed; screening_status=deferred_to_gold; decision_time_availability=order_creation,Safe for descriptive AO1 class imbalance and modeling design discussion; not final feature approval.
Order Region,Eastern Asia,7280,3955,3325,0.543269,-0.005022,meets_min_support,approved_by_leakage_conceptual_screening: ao1_policy=allowed; screening_status=deferred_to_gold; decision_time_availability=order_creation,Safe for descriptive AO1 class imbalance and modeling design discussion; not final feature approval.
Order Region,East of USA,6915,3849,3066,0.556616,0.008325,meets_min_support,approved_by_leakage_conceptual_screening: ao1_policy=allowed; screening_status=deferred_to_gold; decision_time_availability=order_creation,Safe for descriptive AO1 class imbalance and modeling design discussion; not final feature approval.
Order Region,West Asia,6009,3322,2687,0.552837,0.004546,meets_min_support,approved_by_leakage_conceptual_screening: ao1_policy=allowed; screening_status=deferred_to_gold; decision_time_availability=order_creation,Safe for descriptive AO1 class imbalance and modeling design discussion; not final feature approval.
Order Region,US Center,5887,3252,2635,0.552404,0.004112,meets_min_support,approved_by_leakage_conceptual_screening: ao1_policy=allowed; screening_status=deferred_to_gold; decision_time_availability=order_creation,Safe for descriptive AO1 class imbalance and modeling design discussion; not final feature approval.
Order Region,South of  USA,4045,2256,1789,0.557726,0.009434,meets_min_support,approved_by_leakage_conceptual_screening: ao1_policy=allowed; screening_status=deferred_to_gold; decision_time_availability=order_creation,Safe for descriptive AO1 class imbalance and modeling design discussion; not final feature approval.
Order Region,Eastern Europe,3920,2182,1738,0.556633,0.008341,meets_min_support,approved_by_leakage_conceptual_screening: ao1_policy=allowed; screening_status=deferred_to_gold; decision_time_availability=order_creation,Safe for descriptive AO1 class imbalance and modeling design discussion; not final feature approval.
Order Region,West Africa,3696,1953,1743,0.528409,-0.019882,meets_min_support,approved_by_leakage_conceptual_screening: ao1_policy=allowed; screening_status=deferred_to_gold; decision_time_availability=order_creation,Safe for descriptive AO1 class imbalance and modeling design discussion; not final feature approval.
Order Region,North Africa,3232,1762,1470,0.545173,-0.003118,meets_min_support,approved_by_leakage_conceptual_screening: ao1_policy=allowed; screening_status=deferred_to_gold; decision_time_availability=order_creation,Safe for descriptive AO1 class imbalance and modeling design discussion; not final feature approval.
Order Region,East Africa,1852,1036,816,0.559395,0.011104,meets_min_support,approved_by_leakage_conceptual_screening: ao1_policy=allowed; screening_status=deferred_to_gold; decision_time_availability=order_creation,Safe for descriptive AO1 class imbalance and modeling design discussion; not final feature approval.
Order Region,Central Africa,1677,972,705,0.579606,0.031315,meets_min_support,approved_by_leakage_conceptual_screening: ao1_policy=allowed; screening_status=deferred_to_gold; decision_time_availability=order_creation,Safe for descriptive AO1 class imbalance and modeling design discussion; not final feature approval.
Order Region,Southern Africa,1157,617,540,0.533276,-0.015016,meets_min_support,approved_by_leakage_conceptual_screening: ao1_policy=allowed; screening_status=deferred_to_gold; decision_time_availability=order_creation,Safe for descriptive AO1 class imbalance and modeling design discussion; not final feature approval.
Order Region,Canada,959,468,491,0.488008,-0.060283,meets_min_support,approved_by_leakage_conceptual_screening: ao1_policy=allowed; screening_status=deferred_to_gold; decision_time_availability=order_creation,Safe for descriptive AO1 class imbalance and modeling design discussion; not final feature approval.
Order Region,Central Asia,553,306,247,0.553345,0.005054,below_min_support_903_rows,approved_by_leakage_conceptual_screening: ao1_policy=allowed; screening_status=deferred_to_gold; decision_time_availability=order_creation,Safe for descriptive AO1 class imbalance and modeling design discussion; not final feature approval.
Order Country,Estados Unidos,24840,13670,11170,0.550322,0.002031,meets_min_support,approved_by_leakage_conceptual_screening: ao1_policy=allowed; screening_status=deferred_to_gold; decision_time_availability=order_creation,Safe for descriptive AO1 class imbalance and modeling design discussion; not final feature approval.
Order Country,Francia,13222,7341,5881,0.555211,0.00692,meets_min_support,approved_by_leakage_conceptual_screening: ao1_policy=allowed; screening_status=deferred_to_gold; decision_time_availability=order_creation,Safe for descriptive AO1 class imbalance and modeling design discussion; not final feature approval.
Order Country,México,13172,7246,5926,0.550106,0.001815,meets_min_support,approved_by_leakage_conceptual_screening: ao1_policy=allowed; screening_status=deferred_to_gold; decision_time_availability=order_creation,Safe for descriptive AO1 class imbalance and modeling design discussion; not final feature approval.
Order Country,Alemania,9564,5383,4181,0.56284,0.014549,meets_min_support,approved_by_leakage_conceptual_screening: ao1_policy=allowed; screening_status=deferred_to_gold; decision_time_availability=order_creation,Safe for descriptive AO1 class imbalance and modeling design discussion; not final feature approval.
Order Country,Australia,8497,4613,3884,0.542897,-0.005394,meets_min_support,approved_by_leakage_conceptual_screening: ao1_policy=allowed; screening_status=deferred_to_gold; decision_time_availability=order_creation,Safe for descriptive AO1 class imbalance and modeling design discussion; not final feature approval.
Order Country,Brasil,7987,4331,3656,0.542256,-0.006035,meets_min_support,approved_by_leakage_conceptual_screening: ao1_policy=allowed; screening_status=deferred_to_gold; decision_time_availability=order_creation,Safe for descriptive AO1 class imbalance and modeling design discussion; not final feature approval.
Order Country,Reino Unido,7302,3903,3399,0.534511,-0.01378,meets_min_support,approved_by_leakage_conceptual_screening: ao1_policy=allowed; screening_status=deferred_to_gold; decision_time_availability=order_creation,Safe for descriptive AO1 class imbalance and modeling design discussion; not final feature approval.
Order Country,China,5758,3123,2635,0.542376,-0.005915,meets_min_support,approved_by_leakage_conceptual_screening: ao1_policy=allowed; screening_status=deferred_to_gold; decision_time_availability=order_creation,Safe for descriptive AO1 class imbalance and modeling design discussion; not final feature approval.
Order Country,Italia,4989,2672,2317,0.535578,-0.012713,meets_min_support,approved_by_leakage_conceptual_screening: ao1_policy=allowed; screening_status=deferred_to_gold; decision_time_availability=order_creation,Safe for descriptive AO1 class imbalance and modeling design discussion; not final feature approval.
Order Country,India,4783,2684,2099,0.561154,0.012863,meets_min_support,approved_by_leakage_conceptual_screening: ao1_policy=allowed; screening_status=deferred_to_gold; decision_time_availability=order_creation,Safe for descriptive AO1 class imbalance and modeling design discussion; not final feature approval.
Order Country,Indonesia,4204,2328,1876,0.553758,0.005467,meets_min_support,approved_by_leakage_conceptual_screening: ao1_policy=allowed; screening_status=deferred_to_gold; decision_time_availability=order_creation,Safe for descriptive AO1 class imbalance and modeling design discussion; not final feature approval.
Order Country,España,3868,2154,1714,0.556877,0.008586,meets_min_support,approved_by_leakage_conceptual_screening: ao1_policy=allowed; screening_status=deferred_to_gold; decision_time_availability=order_creation,Safe for descriptive AO1 class imbalance and modeling design discussion; not final feature approval.
Order Country,El Salvador,3726,2091,1635,0.561192,0.0129,meets_min_support,approved_by_leakage_conceptual_screening: ao1_policy=allowed; screening_status=deferred_to_gold; decision_time_availability=order_creation,Safe for descriptive AO1 class imbalance and modeling design discussion; not final feature approval.
Order Country,República Dominicana,3669,2020,1649,0.550559,0.002267,meets_min_support,approved_by_leakage_conceptual_screening: ao1_policy=allowed; screening_status=deferred_to_gold; decision_time_availability=order_creation,Safe for descriptive AO1 class imbalance and modeling design discussion; not final feature approval.
Order Country,Honduras,3629,1919,1710,0.528796,-0.019496,meets_min_support,approved_by_leakage_conceptual_screening: ao1_policy=allowed; screening_status=deferred_to_gold; decision_time_availability=order_creation,Safe for descriptive AO1 class imbalance and modeling design discussion; not final feature approval.
Order Country,Cuba,3534,1798,1736,0.508772,-0.039519,meets_min_support,approved_by_leakage_conceptual_screening: ao1_policy=allowed; screening_status=deferred_to_gold; decision_time_availability=order_creation,Safe for descriptive AO1 class imbalance and modeling design discussion; not final feature approval.
Order Country,Turquía,3395,1894,1501,0.557879,0.009588,meets_min_support,approved_by_leakage_conceptual_screening: ao1_policy=allowed; screening_status=deferred_to_gold; decision_time_availability=order_creation,Safe for descriptive AO1 class imbalance and modeling design discussion; not final feature approval.
Order Country,Nicaragua,3046,1716,1330,0.563362,0.01507,meets_min_support,approved_by_leakage_conceptual_screening: ao1_policy=allowed; screening_status=deferred_to_gold; decision_time_availability=order_creation,Safe for descriptive AO1 class imbalance and modeling design discussion; not final feature approval.
Order Country,Guatemala,2778,1529,1249,0.550396,0.002105,meets_min_support,approved_by_leakage_conceptual_screening: ao1_policy=allowed; screening_status=deferred_to_gold; decision_time_availability=order_creation,Safe for descriptive AO1 class imbalance and modeling design discussion; not final feature approval.
Order Country,Nigeria,2309,1225,1084,0.530533,-0.017759,meets_min_support,approved_by_leakage_conceptual_screening: ao1_policy=allowed; screening_status=deferred_to_gold; decision_time_availability=order_creation,Safe for descriptive AO1 class imbalance and modeling design discussion; not final feature approval.
Order Country,Filipinas,2103,1162,941,0.552544,0.004253,meets_min_support,approved_by_leakage_conceptual_screening: ao1_policy=allowed; screening_status=deferred_to_gold; decision_time_availability=order_creation,Safe for descriptive AO1 class imbalance and modeling design discussion; not final feature approval.
Order Country,Panamá,1941,984,957,0.506955,-0.041336,meets_min_support,approved_by_leakage_conceptual_screening: ao1_policy=allowed; screening_status=deferred_to_gold; decision_time_availability=order_creation,Safe for descriptive AO1 class imbalance and modeling design discussion; not final feature approval.
Order Country,Países Bajos,1932,1053,879,0.545031,-0.00326,meets_min_support,approved_by_leakage_conceptual_screening: ao1_policy=allowed; screening_status=deferred_to_gold; decision_time_availability=order_creation,Safe for descriptive AO1 class imbalance and modeling design discussion; not final feature approval.
Order Country,Argentina,1931,999,932,0.517349,-0.030943,meets_min_support,approved_by_leakage_conceptual_screening: ao1_policy=allowed; screening_status=deferred_to_gold; decision_time_availability=order_creation,Safe for descriptive AO1 class imbalance and modeling design discussion; not final feature approval.
Order Country,Colombia,1771,908,863,0.512705,-0.035587,meets_min_support,approved_by_leakage_conceptual_screening: ao1_policy=allowed; screening_status=deferred_to_gold; decision_time_availability=order_creation,Safe for descriptive AO1 class imbalance and modeling design discussion; not final feature approval.
Order Country,Nueva Zelanda,1590,836,754,0.525786,-0.022505,meets_min_support,approved_by_leakage_conceptual_screening: ao1_policy=allowed; screening_status=deferred_to_gold; decision_time_availability=order_creation,Safe for descriptive AO1 class imbalance and modeling design discussion; not final feature approval.
Order Country,Irán,1460,797,663,0.54589,-0.002401,meets_min_support,approved_by_leakage_conceptual_screening: ao1_policy=allowed; screening_status=deferred_to_gold; decision_time_availability=order_creation,Safe for descriptive AO1 class imbalance and modeling design discussion; not final feature approval.
Order Country,Austria,1387,806,581,0.58111,0.032819,meets_min_support,approved_by_leakage_conceptual_screening: ao1_policy=allowed; screening_status=deferred_to_gold; decision_time_availability=order_creation,Safe for descriptive AO1 class imbalance and modeling design discussion; not final feature approval.
Order Country,Egipto,1189,667,522,0.560976,0.012684,meets_min_support,approved_by_leakage_conceptual_screening: ao1_policy=allowed; screening_status=deferred_to_gold; decision_time_availability=order_creation,Safe for descriptive AO1 class imbalance and modeling design discussion; not final feature approval.
Order Country,Marruecos,1135,618,517,0.544493,-0.003798,meets_min_support,approved_by_leakage_conceptual_screening: ao1_policy=allowed; screening_status=deferred_to_gold; decision_time_availability=order_creation,Safe for descriptive AO1 class imbalance and modeling design discussion; not final feature approval.
Order Country,SudAfrica,1099,578,521,0.525933,-0.022359,meets_min_support,approved_by_leakage_conceptual_screening: ao1_policy=allowed; screening_status=deferred_to_gold; decision_time_availability=order_creation,Safe for descriptive AO1 class imbalance and modeling design discussion; not final feature approval.
Order Country,Rusia,1014,561,453,0.553254,0.004963,meets_min_support,approved_by_leakage_conceptual_screening: ao1_policy=allowed; screening_status=deferred_to_gold; decision_time_availability=order_creation,Safe for descriptive AO1 class imbalance and modeling design discussion; not final feature approval.
Order Country,República Democrática del Congo,1010,604,406,0.59802,0.049728,meets_min_support,approved_by_leakage_conceptual_screening: ao1_policy=allowed; screening_status=deferred_to_gold; decision_time_availability=order_creation,Safe for descriptive AO1 class imbalance and modeling design discussion; not final feature approval.
Order Country,Venezuela,984,541,443,0.549797,0.001505,meets_min_support,approved_by_leakage_conceptual_screening: ao1_policy=allowed; screening_status=deferred_to_gold; decision_time_availability=order_creation,Safe for descriptive AO1 class imbalance and modeling design discussion; not final feature approval.
Order Country,Irak,976,488,488,0.5,-0.048291,meets_min_support,approved_by_leakage_conceptual_screening: ao1_policy=allowed; screening_status=deferred_to_gold; decision_time_availability=order_creation,Safe for descriptive AO1 class imbalance and modeling design discussion; not final feature approval.
Order Country,Ucrania,967,527,440,0.544984,-0.003307,meets_min_support,approved_by_leakage_conceptual_screening: ao1_policy=allowed; screening_status=deferred_to_gold; decision_time_availability=order_creation,Safe for descriptive AO1 class imbalance and modeling design discussion; not final feature approval.
Order Country,Canada,959,468,491,0.488008,-0.060283,meets_min_support,approved_by_leakage_conceptual_screening: ao1_policy=allowed; screening_status=deferred_to_gold; decision_time_availability=order_creation,Safe for descriptive AO1 class imbalance and modeling design discussion; not final feature approval.
Order Country,Suecia,929,544,385,0.585576,0.037285,meets_min_support,approved_by_leakage_conceptual_screening: ao1_policy=allowed; screening_status=deferred_to_gold; decision_time_availability=order_creation,Safe for descriptive AO1 class imbalance and modeling design discussion; not final feature approval.
Order Country,Tailandia,909,517,392,0.568757,0.020466,meets_min_support,approved_by_leakage_conceptual_screening: ao1_policy=allowed; screening_status=deferred_to_gold; decision_time_availability=order_creation,Safe for descriptive AO1 class imbalance and modeling design discussion; not final feature approval.
Order Country,Arabia Saudí,860,496,364,0.576744,0.028453,below_min_support_903_rows,approved_by_leakage_conceptual_screening: ao1_policy=allowed; screening_status=deferred_to_gold; decision_time_availability=order_creation,Safe for descriptive AO1 class imbalance and modeling design discussion; not final feature approval.
Order Country,Perú,764,439,325,0.574607,0.026316,below_min_support_903_rows,approved_by_leakage_conceptual_screening: ao1_policy=allowed; screening_status=deferred_to_gold; decision_time_availability=order_creation,Safe for descriptive AO1 class imbalance and modeling design discussion; not final feature approval.
Order Country,Japón,758,392,366,0.51715,-0.031141,below_min_support_903_rows,approved_by_leakage_conceptual_screening: ao1_policy=allowed; screening_status=deferred_to_gold; decision_time_availability=order_creation,Safe for descriptive AO1 class imbalance and modeling design discussion; not final feature approval.
Order Country,Pakistán,758,438,320,0.577836,0.029545,below_min_support_903_rows,approved_by_leakage_conceptual_screening: ao1_policy=allowed; screening_status=deferred_to_gold; decision_time_availability=order_creation,Safe for descriptive AO1 class imbalance and modeling design discussion; not final feature approval.
Order Country,Vietnam,757,394,363,0.520476,-0.027816,below_min_support_903_rows,approved_by_leakage_conceptual_screening: ao1_policy=allowed; screening_status=deferred_to_gold; decision_time_availability=order_creation,Safe for descriptive AO1 class imbalance and modeling design discussion; not final feature approval.
Order Country,Chile,738,444,294,0.601626,0.053335,below_min_support_903_rows,approved_by_leakage_conceptual_screening: ao1_policy=allowed; screening_status=deferred_to_gold; decision_time_availability=order_creation,Safe for descriptive AO1 class imbalance and modeling design discussion; not final feature approval.
Order Country,Bélgica,664,371,293,0.558735,0.010444,below_min_support_903_rows,approved_by_leakage_conceptual_screening: ao1_policy=allowed; screening_status=deferred_to_gold; decision_time_availability=order_creation,Safe for descriptive AO1 class imbalance and modeling design discussion; not final feature approval.
Order Country,Polonia,641,357,284,0.556942,0.008651,below_min_support_903_rows,approved_by_leakage_conceptual_screening: ao1_policy=allowed; screening_status=deferred_to_gold; decision_time_availability=order_creation,Safe for descriptive AO1 class imbalance and modeling design discussion; not final feature approval.
Order Country,Corea del Sur,583,351,232,0.602058,0.053767,below_min_support_903_rows,approved_by_leakage_conceptual_screening: ao1_policy=allowed; screening_status=deferred_to_gold; decision_time_availability=order_creation,Safe for descriptive AO1 class imbalance and modeling design discussion; not final feature approval.
Order Country,Malasia,544,333,211,0.612132,0.063841,below_min_support_903_rows,approved_by_leakage_conceptual_screening: ao1_policy=allowed; screening_status=deferred_to_gold; decision_time_availability=order_creation,Safe for descriptive AO1 class imbalance and modeling design discussion; not final feature approval.
Order Country,Haití,534,289,245,0.541199,-0.007093,below_min_support_903_rows,approved_by_leakage_conceptual_screening: ao1_policy=allowed; screening_status=deferred_to_gold; decision_time_availability=order_creation,Safe for descriptive AO1 class imbalance and modeling design discussion; not final feature approval.
Order Country,Argelia,516,274,242,0.531008,-0.017284,below_min_support_903_rows,approved_by_leakage_conceptual_screening: ao1_policy=allowed; screening_status=deferred_to_gold; decision_time_availability=order_creation,Safe for descriptive AO1 class imbalance and modeling design discussion; not final feature approval.
Order Country,Irlanda,491,298,193,0.606925,0.058633,below_min_support_903_rows,approved_by_leakage_conceptual_screening: ao1_policy=allowed; screening_status=deferred_to_gold; decision_time_availability=order_creation,Safe for descriptive AO1 class imbalance and modeling design discussion; not final feature approval.
Order Country,Bangladés,466,274,192,0.587983,0.039692,below_min_support_903_rows,approved_by_leakage_conceptual_screening: ao1_policy=allowed; screening_status=deferred_to_gold; decision_time_availability=order_creation,Safe for descriptive AO1 class imbalance and modeling design discussion; not final feature approval.
Order Country,Rumania,455,263,192,0.578022,0.029731,below_min_support_903_rows,approved_by_leakage_conceptual_screening: ao1_policy=allowed; screening_status=deferred_to_gold; decision_time_availability=order_creation,Safe for descriptive AO1 class imbalance and modeling design discussion; not final feature approval.
Order Country,Singapur,455,243,212,0.534066,-0.014225,below_min_support_903_rows,approved_by_leakage_conceptual_screening: ao1_policy=allowed; screening_status=deferred_to_gold; decision_time_availability=order_creation,Safe for descriptive AO1 class imbalance and modeling design discussion; not final feature approval.
Order Country,Myanmar (Birmania),409,222,187,0.542787,-0.005504,below_min_support_903_rows,approved_by_leakage_conceptual_screening: ao1_policy=allowed; screening_status=deferred_to_gold; decision_time_availability=order_creation,Safe for descriptive AO1 class imbalance and modeling design discussion; not final feature approval.
Order Country,Tanzania,378,210,168,0.555556,0.007264,below_min_support_903_rows,approved_by_leakage_conceptual_screening: ao1_policy=allowed; screening_status=deferred_to_gold; decision_time_availability=order_creation,Safe for descriptive AO1 class imbalance and modeling design discussion; not final feature approval.
Order Country,Portugal,343,169,174,0.492711,-0.05558,below_min_support_903_rows,approved_by_leakage_conceptual_screening: ao1_policy=allowed; screening_status=deferred_to_gold; decision_time_availability=order_creation,Safe for descriptive AO1 class imbalance and modeling design discussion; not final feature approval.
Order Country,Noruega,333,178,155,0.534535,-0.013757,below_min_support_903_rows,approved_by_leakage_conceptual_screening: ao1_policy=allowed; screening_status=deferred_to_gold; decision_time_availability=order_creation,Safe for descriptive AO1 class imbalance and modeling design discussion; not final feature approval.
Order Country,Suiza,330,176,154,0.533333,-0.014958,below_min_support_903_rows,approved_by_leakage_conceptual_screening: ao1_policy=allowed; screening_status=deferred_to_gold; decision_time_availability=order_creation,Safe for descriptive AO1 class imbalance and modeling design discussion; not final feature approval.
Order Country,Angola,306,183,123,0.598039,0.049748,below_min_support_903_rows,approved_by_leakage_conceptual_screening: ao1_policy=allowed; screening_status=deferred_to_gold; decision_time_availability=order_creation,Safe for descriptive AO1 class imbalance and modeling design discussion; not final feature approval.
Order Country,Ecuador,294,197,97,0.670068,0.121777,below_min_support_903_rows,approved_by_leakage_conceptual_screening: ao1_policy=allowed; screening_status=deferred_to_gold; decision_time_availability=order_creation,Safe for descriptive AO1 class imbalance and modeling design discussion; not final feature approval.
Order Country,Finlandia,290,139,151,0.47931,-0.068981,below_min_support_903_rows,approved_by_leakage_conceptual_screening: ao1_policy=allowed; screening_status=deferred_to_gold; decision_time_availability=order_creation,Safe for descriptive AO1 class imbalance and modeling design discussion; not final feature approval.
Order Country,Dinamarca,285,128,157,0.449123,-0.099169,below_min_support_903_rows,approved_by_leakage_conceptual_screening: ao1_policy=allowed; screening_status=deferred_to_gold; decision_time_availability=order_creation,Safe for descriptive AO1 class imbalance and modeling design discussion; not final feature approval.
Order Country,Camerún,275,121,154,0.44,-0.108291,below_min_support_903_rows,approved_by_leakage_conceptual_screening: ao1_policy=allowed; screening_status=deferred_to_gold; decision_time_availability=order_creation,Safe for descriptive AO1 class imbalance and modeling design discussion; not final feature approval.
Order Country,Kazajistán,274,158,116,0.576642,0.028351,below_min_support_903_rows,approved_by_leakage_conceptual_screening: ao1_policy=allowed; screening_status=deferred_to_gold; decision_time_availability=order_creation,Safe for descriptive AO1 class imbalance and modeling design discussion; not final feature approval.
Order Country,Zambia,266,149,117,0.56015,0.011859,below_min_support_903_rows,approved_by_leakage_conceptual_screening: ao1_policy=allowed; screening_status=deferred_to_gold; decision_time_availability=order_creation,Safe for descriptive AO1 class imbalance and modeling design discussion; not final feature approval.
Order Country,Israel,265,156,109,0.588679,0.040388,below_min_support_903_rows,approved_by_leakage_conceptual_screening: ao1_policy=allowed; screening_status=deferred_to_gold; decision_time_availability=order_creation,Safe for descriptive AO1 class imbalance and modeling design discussion; not final feature approval.
Order Country,Ghana,264,160,104,0.606061,0.057769,below_min_support_903_rows,approved_by_leakage_conceptual_screening: ao1_policy=allowed; screening_status=deferred_to_gold; decision_time_availability=order_creation,Safe for descriptive AO1 class imbalance and modeling design discussion; not final feature approval.
Order Country,Senegal,263,116,147,0.441065,-0.107227,below_min_support_903_rows,approved_by_leakage_conceptual_screening: ao1_policy=allowed; screening_status=deferred_to_gold; decision_time_availability=order_creation,Safe for descriptive AO1 class imbalance and modeling design discussion; not final feature approval.
Order Country,Costa de Marfil,257,156,101,0.607004,0.058713,below_min_support_903_rows,approved_by_leakage_conceptual_screening: ao1_policy=allowed; screening_status=deferred_to_gold; decision_time_availability=order_creation,Safe for descriptive AO1 class imbalance and modeling design discussion; not final feature approval.
Order Country,Sudán,251,126,125,0.501992,-0.046299,below_min_support_903_rows,approved_by_leakage_conceptual_screening: ao1_policy=allowed; screening_status=deferred_to_gold; decision_time_availability=order_creation,Safe for descriptive AO1 class imbalance and modeling design discussion; not final feature approval.
Order Country,Mozambique,244,156,88,0.639344,0.091053,below_min_support_903_rows,approved_by_leakage_conceptual_screening: ao1_policy=allowed; screening_status=deferred_to_gold; decision_time_availability=order_creation,Safe for descriptive AO1 class imbalance and modeling design discussion; not final feature approval.
Order Country,Kenia,238,116,122,0.487395,-0.060896,below_min_support_903_rows,approved_by_leakage_conceptual_screening: ao1_policy=allowed; screening_status=deferred_to_gold; decision_time_availability=order_creation,Safe for descriptive AO1 class imbalance and modeling design discussion; not final feature approval.
Order Country,Bolivia,213,126,87,0.591549,0.043258,below_min_support_903_rows,approved_by_leakage_conceptual_screening: ao1_policy=allowed; screening_status=deferred_to_gold; decision_time_availability=order_creation,Safe for descriptive AO1 class imbalance and modeling design discussion; not final feature approval.
Order Country,Bielorrusia,210,107,103,0.509524,-0.038768,below_min_support_903_rows,approved_by_leakage_conceptual_screening: ao1_policy=allowed; screening_status=deferred_to_gold; decision_time_availability=order_creation,Safe for descriptive AO1 class imbalance and modeling design discussion; not final feature approval.
Order Country,Zimbabue,190,106,84,0.557895,0.009603,below_min_support_903_rows,approved_by_leakage_conceptual_screening: ao1_policy=allowed; screening_status=deferred_to_gold; decision_time_availability=order_creation,Safe for descriptive AO1 class imbalance and modeling design discussion; not final feature approval.
Order Country,República Checa,187,100,87,0.534759,-0.013532,below_min_support_903_rows,approved_by_leakage_conceptual_screening: ao1_policy=allowed; screening_status=deferred_to_gold; decision_time_availability=order_creation,Safe for descriptive AO1 class imbalance and modeling design discussion; not final feature approval.
Order Country,Hungría,179,112,67,0.625698,0.077407,below_min_support_903_rows,approved_by_leakage_conceptual_screening: ao1_policy=allowed; screening_status=deferred_to_gold; decision_time_availability=order_creation,Safe for descriptive AO1 class imbalance and modeling design discussion; not final feature approval.
Order Country,Jamaica,170,85,85,0.5,-0.048291,below_min_support_903_rows,approved_by_leakage_conceptual_screening: ao1_policy=allowed; screening_status=deferred_to_gold; decision_time_availability=order_creation,Safe for descriptive AO1 class imbalance and modeling design discussion; not final feature approval.
Order Country,Bulgaria,166,85,81,0.512048,-0.036243,below_min_support_903_rows,approved_by_leakage_conceptual_screening: ao1_policy=allowed; screening_status=deferred_to_gold; decision_time_availability=order_creation,Safe for descriptive AO1 class imbalance and modeling design discussion; not final feature approval.
Order Country,Afganistán,163,93,70,0.570552,0.022261,below_min_support_903_rows,approved_by_leakage_conceptual_screening: ao1_policy=allowed; screening_status=deferred_to_gold; decision_time_availability=order_creation,Safe for descriptive AO1 class imbalance and modeling design discussion; not final feature approval.
Order Country,Camboya,152,92,60,0.605263,0.056972,below_min_support_903_rows,approved_by_leakage_conceptual_screening: ao1_policy=allowed; screening_status=deferred_to_gold; decision_time_availability=order_creation,Safe for descriptive AO1 class imbalance and modeling design discussion; not final feature approval.
Order Country,Madagascar,149,74,75,0.496644,-0.051647,below_min_support_903_rows,approved_by_leakage_conceptual_screening: ao1_policy=allowed; screening_status=deferred_to_gold; decision_time_availability=order_creation,Safe for descriptive AO1 class imbalance and modeling design discussion; not final feature approval.
Order Country,Somalia,141,90,51,0.638298,0.090007,below_min_support_903_rows,approved_by_leakage_conceptual_screening: ao1_policy=allowed; screening_status=deferred_to_gold; decision_time_availability=order_creation,Safe for descriptive AO1 class imbalance and modeling design discussion; not final feature approval.
Order Country,Uruguay,139,78,61,0.561151,0.01286,below_min_support_903_rows,approved_by_leakage_conceptual_screening: ao1_policy=allowed; screening_status=deferred_to_gold; decision_time_availability=order_creation,Safe for descriptive AO1 class imbalance and modeling design discussion; not final feature approval.
Order Country,Trinidad y Tobago,138,81,57,0.586957,0.038665,below_min_support_903_rows,approved_by_leakage_conceptual_screening: ao1_policy=allowed; screening_status=deferred_to_gold; decision_time_availability=order_creation,Safe for descriptive AO1 class imbalance and modeling design discussion; not final feature approval.
Order Country,Lituania,133,74,59,0.556391,0.0081,below_min_support_903_rows,approved_by_leakage_conceptual_screening: ao1_policy=allowed; screening_status=deferred_to_gold; decision_time_availability=order_creation,Safe for descriptive AO1 class imbalance and modeling design discussion; not final feature approval.
Order Country,Togo,122,45,77,0.368852,-0.179439,below_min_support_903_rows,approved_by_leakage_conceptual_screening: ao1_policy=allowed; screening_status=deferred_to_gold; decision_time_availability=order_creation,Safe for descriptive AO1 class imbalance and modeling design discussion; not final feature approval.
Order Country,Uzbekistán,121,70,51,0.578512,0.030221,below_min_support_903_rows,approved_by_leakage_conceptual_screening: ao1_policy=allowed; screening_status=deferred_to_gold; decision_time_availability=order_creation,Safe for descriptive AO1 class imbalance and modeling design discussion; not final feature approval.
Order Country,Martinica,120,63,57,0.525,-0.023291,below_min_support_903_rows,approved_by_leakage_conceptual_screening: ao1_policy=allowed; screening_status=deferred_to_gold; decision_time_availability=order_creation,Safe for descriptive AO1 class imbalance and modeling design discussion; not final feature approval.
Order Country,Barbados,117,65,52,0.555556,0.007264,below_min_support_903_rows,approved_by_leakage_conceptual_screening: ao1_policy=allowed; screening_status=deferred_to_gold; decision_time_availability=order_creation,Safe for descriptive AO1 class imbalance and modeling design discussion; not final feature approval.
Order Country,Jordania,108,56,52,0.518519,-0.029773,below_min_support_903_rows,approved_by_leakage_conceptual_screening: ao1_policy=allowed; screening_status=deferred_to_gold; decision_time_availability=order_creation,Safe for descriptive AO1 class imbalance and modeling design discussion; not final feature approval.
Order Country,Níger,108,69,39,0.638889,0.090598,below_min_support_903_rows,approved_by_leakage_conceptual_screening: ao1_policy=allowed; screening_status=deferred_to_gold; decision_time_availability=order_creation,Safe for descriptive AO1 class imbalance and modeling design discussion; not final feature approval.
Order Country,Libia,105,49,56,0.466667,-0.081625,below_min_support_903_rows,approved_by_leakage_conceptual_screening: ao1_policy=allowed; screening_status=deferred_to_gold; decision_time_availability=order_creation,Safe for descriptive AO1 class imbalance and modeling design discussion; not final feature approval.
Order Country,Mali,103,60,43,0.582524,0.034233,below_min_support_903_rows,approved_by_leakage_conceptual_screening: ao1_policy=allowed; screening_status=deferred_to_gold; decision_time_availability=order_creation,Safe for descriptive AO1 class imbalance and modeling design discussion; not final feature approval.
Order Country,Kirguistán,98,38,60,0.387755,-0.160536,below_min_support_903_rows,approved_by_leakage_conceptual_screening: ao1_policy=allowed; screening_status=deferred_to_gold; decision_time_availability=order_creation,Safe for descriptive AO1 class imbalance and modeling design discussion; not final feature approval.
Order Country,Uganda,96,57,39,0.59375,0.045459,below_min_support_903_rows,approved_by_leakage_conceptual_screening: ao1_policy=allowed; screening_status=deferred_to_gold; decision_time_availability=order_creation,Safe for descriptive AO1 class imbalance and modeling design discussion; not final feature approval.
Order Country,Georgia,93,64,29,0.688172,0.139881,below_min_support_903_rows,approved_by_leakage_conceptual_screening: ao1_policy=allowed; screening_status=deferred_to_gold; decision_time_availability=order_creation,Safe for descriptive AO1 class imbalance and modeling design discussion; not final feature approval.
Order Country,Croacia,86,51,35,0.593023,0.044732,below_min_support_903_rows,approved_by_leakage_conceptual_screening: ao1_policy=allowed; screening_status=deferred_to_gold; decision_time_availability=order_creation,Safe for descriptive AO1 class imbalance and modeling design discussion; not final feature approval.
Order Country,Ruanda,86,41,45,0.476744,-0.071547,below_min_support_903_rows,approved_by_leakage_conceptual_screening: ao1_policy=allowed; screening_status=deferred_to_gold; decision_time_availability=order_creation,Safe for descriptive AO1 class imbalance and modeling design discussion; not final feature approval.
Order Country,Benín,85,39,46,0.458824,-0.089468,below_min_support_903_rows,approved_by_leakage_conceptual_screening: ao1_policy=allowed; screening_status=deferred_to_gold; decision_time_availability=order_creation,Safe for descriptive AO1 class imbalance and modeling design discussion; not final feature approval.
Order Country,Nepal,80,48,32,0.6,0.051709,below_min_support_903_rows,approved_by_leakage_conceptual_screening: ao1_policy=allowed; screening_status=deferred_to_gold; decision_time_availability=order_creation,Safe for descriptive AO1 class imbalance and modeling design discussion; not final feature approval.
Order Country,Mongolia,79,52,27,0.658228,0.109937,below_min_support_903_rows,approved_by_leakage_conceptual_screening: ao1_policy=allowed; screening_status=deferred_to_gold; decision_time_availability=order_creation,Safe for descriptive AO1 class imbalance and modeling design discussion; not final feature approval.
Order Country,Moldavia,78,54,24,0.692308,0.144016,below_min_support_903_rows,approved_by_leakage_conceptual_screening: ao1_policy=allowed; screening_status=deferred_to_gold; decision_time_availability=order_creation,Safe for descriptive AO1 class imbalance and modeling design discussion; not final feature approval.
Order Country,Paraguay,78,30,48,0.384615,-0.163676,below_min_support_903_rows,approved_by_leakage_conceptual_screening: ao1_policy=allowed; screening_status=deferred_to_gold; decision_time_availability=order_creation,Safe for descriptive AO1 class imbalance and modeling design discussion; not final feature approval.
Order Country,Hong Kong,73,27,46,0.369863,-0.178428,below_min_support_903_rows,approved_by_leakage_conceptual_screening: ao1_policy=allowed; screening_status=deferred_to_gold; decision_time_availability=order_creation,Safe for descriptive AO1 class imbalance and modeling design discussion; not final feature approval.
Order Country,Yemen,71,42,29,0.591549,0.043258,below_min_support_903_rows,approved_by_leakage_conceptual_screening: ao1_policy=allowed; screening_status=deferred_to_gold; decision_time_availability=order_creation,Safe for descriptive AO1 class imbalance and modeling design discussion; not final feature approval.
Order Country,Azerbaiyán,68,39,29,0.573529,0.025238,below_min_support_903_rows,approved_by_leakage_conceptual_screening: ao1_policy=allowed; screening_status=deferred_to_gold; decision_time_availability=order_creation,Safe for descriptive AO1 class imbalance and modeling design discussion; not final feature approval.
Order Country,Siria,63,34,29,0.539683,-0.008609,below_min_support_903_rows,approved_by_leakage_conceptual_screening: ao1_policy=allowed; screening_status=deferred_to_gold; decision_time_availability=order_creation,Safe for descriptive AO1 class imbalance and modeling design discussion; not final feature approval.
Order Country,Papúa Nueva Guinea,61,33,28,0.540984,-0.007308,below_min_support_903_rows,approved_by_leakage_conceptual_screening: ao1_policy=allowed; screening_status=deferred_to_gold; decision_time_availability=order_creation,Safe for descriptive AO1 class imbalance and modeling design discussion; not final feature approval.
Order Country,Turkmenistán,53,37,16,0.698113,0.149822,below_min_support_903_rows,approved_by_leakage_conceptual_screening: ao1_policy=allowed; screening_status=deferred_to_gold; decision_time_availability=order_creation,Safe for descriptive AO1 class imbalance and modeling design discussion; not final feature approval.
Order Country,Bosnia y Herzegovina,45,31,14,0.688889,0.140598,below_min_support_903_rows,approved_by_leakage_conceptual_screening: ao1_policy=allowed; screening_status=deferred_to_gold; decision_time_availability=order_creation,Safe for descriptive AO1 class imbalance and modeling design discussion; not final feature approval.
Order Country,Gabón,45,35,10,0.777778,0.229486,below_min_support_903_rows,approved_by_leakage_conceptual_screening: ao1_policy=allowed; screening_status=deferred_to_gold; decision_time_availability=order_creation,Safe for descriptive AO1 class imbalance and modeling design discussion; not final feature approval.
Order Country,Guinea,45,19,26,0.422222,-0.126069,below_min_support_903_rows,approved_by_leakage_conceptual_screening: ao1_policy=allowed; screening_status=deferred_to_gold; decision_time_availability=order_creation,Safe for descriptive AO1 class imbalance and modeling design discussion; not final feature approval.
Order Country,Qatar,42,22,20,0.52381,-0.024482,below_min_support_903_rows,approved_by_leakage_conceptual_screening: ao1_policy=allowed; screening_status=deferred_to_gold; decision_time_availability=order_creation,Safe for descriptive AO1 class imbalance and modeling design discussion; not final feature approval.
Order Country,Sierra Leona,39,19,20,0.487179,-0.061112,below_min_support_903_rows,approved_by_leakage_conceptual_screening: ao1_policy=allowed; screening_status=deferred_to_gold; decision_time_availability=order_creation,Safe for descriptive AO1 class imbalance and modeling design discussion; not final feature approval.
Order Country,Albania,37,22,15,0.594595,0.046303,below_min_support_903_rows,approved_by_leakage_conceptual_screening: ao1_policy=allowed; screening_status=deferred_to_gold; decision_time_availability=order_creation,Safe for descriptive AO1 class imbalance and modeling design discussion; not final feature approval.
Order Country,Costa Rica,36,25,11,0.694444,0.146153,below_min_support_903_rows,approved_by_leakage_conceptual_screening: ao1_policy=allowed; screening_status=deferred_to_gold; decision_time_availability=order_creation,Safe for descriptive AO1 class imbalance and modeling design discussion; not final feature approval.
Order Country,Guadalupe,36,14,22,0.388889,-0.159402,below_min_support_903_rows,approved_by_leakage_conceptual_screening: ao1_policy=allowed; screening_status=deferred_to_gold; decision_time_availability=order_creation,Safe for descriptive AO1 class imbalance and modeling design discussion; not final feature approval.
Order Country,Túnez,36,28,8,0.777778,0.229486,below_min_support_903_rows,approved_by_leakage_conceptual_screening: ao1_policy=allowed; screening_status=deferred_to_gold; decision_time_availability=order_creation,Safe for descriptive AO1 class imbalance and modeling design discussion; not final feature approval.
Order Country,Liberia,34,14,20,0.411765,-0.136527,below_min_support_903_rows,approved_by_leakage_conceptual_screening: ao1_policy=allowed; screening_status=deferred_to_gold; decision_time_availability=order_creation,Safe for descriptive AO1 class imbalance and modeling design discussion; not final feature approval.
Order Country,Yibuti,31,21,10,0.677419,0.129128,below_min_support_903_rows,approved_by_leakage_conceptual_screening: ao1_policy=allowed; screening_status=deferred_to_gold; decision_time_availability=order_creation,Safe for descriptive AO1 class imbalance and modeling design discussion; not final feature approval.
Order Country,Emiratos Árabes Unidos,29,20,9,0.689655,0.141364,below_min_support_903_rows,approved_by_leakage_conceptual_screening: ao1_policy=allowed; screening_status=deferred_to_gold; decision_time_availability=order_creation,Safe for descriptive AO1 class imbalance and modeling design discussion; not final feature approval.
Order Country,Estonia,29,28,1,0.965517,0.417226,below_min_support_903_rows,approved_by_leakage_conceptual_screening: ao1_policy=allowed; screening_status=deferred_to_gold; decision_time_availability=order_creation,Safe for descriptive AO1 class imbalance and modeling design discussion; not final feature approval.
Order Country,Taiwán,29,10,19,0.344828,-0.203464,below_min_support_903_rows,approved_by_leakage_conceptual_screening: ao1_policy=allowed; screening_status=deferred_to_gold; decision_time_availability=order_creation,Safe for descriptive AO1 class imbalance and modeling design discussion; not final feature approval.
Order Country,Grecia,28,11,17,0.392857,-0.155434,below_min_support_903_rows,approved_by_leakage_conceptual_screening: ao1_policy=allowed; screening_status=deferred_to_gold; decision_time_availability=order_creation,Safe for descriptive AO1 class imbalance and modeling design discussion; not final feature approval.
Order Country,Guinea-Bissau,28,15,13,0.535714,-0.012577,below_min_support_903_rows,approved_by_leakage_conceptual_screening: ao1_policy=allowed; screening_status=deferred_to_gold; decision_time_availability=order_creation,Safe for descriptive AO1 class imbalance and modeling design discussion; not final feature approval.
Order Country,Etiopía,25,9,16,0.36,-0.188291,below_min_support_903_rows,approved_by_leakage_conceptual_screening: ao1_policy=allowed; screening_status=deferred_to_gold; decision_time_availability=order_creation,Safe for descriptive AO1 class imbalance and modeling design discussion; not final feature approval.
Order Country,República Centroafricana,23,15,8,0.652174,0.103883,below_min_support_903_rows,approved_by_leakage_conceptual_screening: ao1_policy=allowed; screening_status=deferred_to_gold; decision_time_availability=order_creation,Safe for descriptive AO1 class imbalance and modeling design discussion; not final feature approval.
Order Country,Eslovaquia,22,16,6,0.727273,0.178981,below_min_support_903_rows,approved_by_leakage_conceptual_screening: ao1_policy=allowed; screening_status=deferred_to_gold; decision_time_availability=order_creation,Safe for descriptive AO1 class imbalance and modeling design discussion; not final feature approval.
Order Country,Mauritania,21,8,13,0.380952,-0.167339,below_min_support_903_rows,approved_by_leakage_conceptual_screening: ao1_policy=allowed; screening_status=deferred_to_gold; decision_time_availability=order_creation,Safe for descriptive AO1 class imbalance and modeling design discussion; not final feature approval.
Order Country,Lesoto,20,10,10,0.5,-0.048291,below_min_support_903_rows,approved_by_leakage_conceptual_screening: ao1_policy=allowed; screening_status=deferred_to_gold; decision_time_availability=order_creation,Safe for descriptive AO1 class imbalance and modeling design discussion; not final feature approval.
Order Country,Líbano,20,6,14,0.3,-0.248291,below_min_support_903_rows,approved_by_leakage_conceptual_screening: ao1_policy=allowed; screening_status=deferred_to_gold; decision_time_availability=order_creation,Safe for descriptive AO1 class imbalance and modeling design discussion; not final feature approval.
Order Country,Namibia,20,15,5,0.75,0.201709,below_min_support_903_rows,approved_by_leakage_conceptual_screening: ao1_policy=allowed; screening_status=deferred_to_gold; decision_time_availability=order_creation,Safe for descriptive AO1 class imbalance and modeling design discussion; not final feature approval.
Order Country,Guyana,19,15,4,0.789474,0.241182,below_min_support_903_rows,approved_by_leakage_conceptual_screening: ao1_policy=allowed; screening_status=deferred_to_gold; decision_time_availability=order_creation,Safe for descriptive AO1 class imbalance and modeling design discussion; not final feature approval.
Order Country,Sri Lanka,16,11,5,0.6875,0.139209,below_min_support_903_rows,approved_by_leakage_conceptual_screening: ao1_policy=allowed; screening_status=deferred_to_gold; decision_time_availability=order_creation,Safe for descriptive AO1 class imbalance and modeling design discussion; not final feature approval.
Order Country,Belice,13,8,5,0.615385,0.067093,below_min_support_903_rows,approved_by_leakage_conceptual_screening: ao1_policy=allowed; screening_status=deferred_to_gold; decision_time_availability=order_creation,Safe for descriptive AO1 class imbalance and modeling design discussion; not final feature approval.
Order Country,Botsuana,13,9,4,0.692308,0.144016,below_min_support_903_rows,approved_by_leakage_conceptual_screening: ao1_policy=allowed; screening_status=deferred_to_gold; decision_time_availability=order_creation,Safe for descriptive AO1 class imbalance and modeling design discussion; not final feature approval.
Order Country,República del Congo,13,12,1,0.923077,0.374786,below_min_support_903_rows,approved_by_leakage_conceptual_screening: ao1_policy=allowed; screening_status=deferred_to_gold; decision_time_availability=order_creation,Safe for descriptive AO1 class imbalance and modeling design discussion; not final feature approval.
Order Country,Chipre,12,8,4,0.666667,0.118375,below_min_support_903_rows,approved_by_leakage_conceptual_screening: ao1_policy=allowed; screening_status=deferred_to_gold; decision_time_availability=order_creation,Safe for descriptive AO1 class imbalance and modeling design discussion; not final feature approval.
Order Country,Burkina Faso,11,1,10,0.090909,-0.457382,below_min_support_903_rows,approved_by_leakage_conceptual_screening: ao1_policy=allowed; screening_status=deferred_to_gold; decision_time_availability=order_creation,Safe for descriptive AO1 class imbalance and modeling design discussion; not final feature approval.
Order Country,Montenegro,11,5,6,0.454545,-0.093746,below_min_support_903_rows,approved_by_leakage_conceptual_screening: ao1_policy=allowed; screening_status=deferred_to_gold; decision_time_availability=order_creation,Safe for descriptive AO1 class imbalance and modeling design discussion; not final feature approval.
Order Country,Luxemburgo,10,10,0,1.0,0.451709,below_min_support_903_rows,approved_by_leakage_conceptual_screening: ao1_policy=allowed; screening_status=deferred_to_gold; decision_time_availability=order_creation,Safe for descriptive AO1 class imbalance and modeling design discussion; not final feature approval.
Order Country,Guayana Francesa,9,3,6,0.333333,-0.214958,below_min_support_903_rows,approved_by_leakage_conceptual_screening: ao1_policy=allowed; screening_status=deferred_to_gold; decision_time_availability=order_creation,Safe for descriptive AO1 class imbalance and modeling design discussion; not final feature approval.
Order Country,Omán,8,0,8,0.0,-0.548291,below_min_support_903_rows,approved_by_leakage_conceptual_screening: ao1_policy=allowed; screening_status=deferred_to_gold; decision_time_availability=order_creation,Safe for descriptive AO1 class imbalance and modeling design discussion; not final feature approval.
Order Country,Surinam,8,0,8,0.0,-0.548291,below_min_support_903_rows,approved_by_leakage_conceptual_screening: ao1_policy=allowed; screening_status=deferred_to_gold; decision_time_availability=order_creation,Safe for descriptive AO1 class imbalance and modeling design discussion; not final feature approval.
Order Country,Tayikistán,7,3,4,0.428571,-0.11972,below_min_support_903_rows,approved_by_leakage_conceptual_screening: ao1_policy=allowed; screening_status=deferred_to_gold; decision_time_availability=order_creation,Safe for descriptive AO1 class imbalance and modeling design discussion; not final feature approval.
Order Country,Eslovenia,6,5,1,0.833333,0.285042,below_min_support_903_rows,approved_by_leakage_conceptual_screening: ao1_policy=allowed; screening_status=deferred_to_gold; decision_time_availability=order_creation,Safe for descriptive AO1 class imbalance and modeling design discussion; not final feature approval.
Order Country,Laos,6,6,0,1.0,0.451709,below_min_support_903_rows,approved_by_leakage_conceptual_screening: ao1_policy=allowed; screening_status=deferred_to_gold; decision_time_availability=order_creation,Safe for descriptive AO1 class imbalance and modeling design discussion; not final feature approval.
Order Country,Macedonia,6,1,5,0.166667,-0.381625,below_min_support_903_rows,approved_by_leakage_conceptual_screening: ao1_policy=allowed; screening_status=deferred_to_gold; decision_time_availability=order_creation,Safe for descriptive AO1 class imbalance and modeling design discussion; not final feature approval.
Order Country,Armenia,5,5,0,1.0,0.451709,below_min_support_903_rows,approved_by_leakage_conceptual_screening: ao1_policy=allowed; screening_status=deferred_to_gold; decision_time_availability=order_creation,Safe for descriptive AO1 class imbalance and modeling design discussion; not final feature approval.
Order Country,Bután,5,5,0,1.0,0.451709,below_min_support_903_rows,approved_by_leakage_conceptual_screening: ao1_policy=allowed; screening_status=deferred_to_gold; decision_time_availability=order_creation,Safe for descriptive AO1 class imbalance and modeling design discussion; not final feature approval.
Order Country,República de Gambia,5,5,0,1.0,0.451709,below_min_support_903_rows,approved_by_leakage_conceptual_screening: ao1_policy=allowed; screening_status=deferred_to_gold; decision_time_availability=order_creation,Safe for descriptive AO1 class imbalance and modeling design discussion; not final feature approval.
Order Country,Suazilandia,5,5,0,1.0,0.451709,below_min_support_903_rows,approved_by_leakage_conceptual_screening: ao1_policy=allowed; screening_status=deferred_to_gold; decision_time_availability=order_creation,Safe for descriptive AO1 class imbalance and modeling design discussion; not final feature approval.
Order Country,Sudán del Sur,5,5,0,1.0,0.451709,below_min_support_903_rows,approved_by_leakage_conceptual_screening: ao1_policy=allowed; screening_status=deferred_to_gold; decision_time_availability=order_creation,Safe for descriptive AO1 class imbalance and modeling design discussion; not final feature approval.
Order Country,Baréin,4,0,4,0.0,-0.548291,below_min_support_903_rows,approved_by_leakage_conceptual_screening: ao1_policy=allowed; screening_status=deferred_to_gold; decision_time_availability=order_creation,Safe for descriptive AO1 class imbalance and modeling design discussion; not final feature approval.
Order Country,Chad,3,0,3,0.0,-0.548291,below_min_support_903_rows,approved_by_leakage_conceptual_screening: ao1_policy=allowed; screening_status=deferred_to_gold; decision_time_availability=order_creation,Safe for descriptive AO1 class imbalance and modeling design discussion; not final feature approval.
Order Country,Eritrea,2,2,0,1.0,0.451709,below_min_support_903_rows,approved_by_leakage_conceptual_screening: ao1_policy=allowed; screening_status=deferred_to_gold; decision_time_availability=order_creation,Safe for descriptive AO1 class imbalance and modeling design discussion; not final feature approval.
Order Country,Guinea Ecuatorial,2,2,0,1.0,0.451709,below_min_support_903_rows,approved_by_leakage_conceptual_screening: ao1_policy=allowed; screening_status=deferred_to_gold; decision_time_availability=order_creation,Safe for descriptive AO1 class imbalance and modeling design discussion; not final feature approval.
Order Country,Kuwait,2,0,2,0.0,-0.548291,below_min_support_903_rows,approved_by_leakage_conceptual_screening: ao1_policy=allowed; screening_status=deferred_to_gold; decision_time_availability=order_creation,Safe for descriptive AO1 class imbalance and modeling design discussion; not final feature approval.
Order Country,Sáhara Occidental,2,2,0,1.0,0.451709,below_min_support_903_rows,approved_by_leakage_conceptual_screening: ao1_policy=allowed; screening_status=deferred_to_gold; decision_time_availability=order_creation,Safe for descriptive AO1 class imbalance and modeling design discussion; not final feature approval.
Order Country,Burundi,1,0,1,0.0,-0.548291,below_min_support_903_rows,approved_by_leakage_conceptual_screening: ao1_policy=allowed; screening_status=deferred_to_gold; decision_time_availability=order_creation,Safe for descriptive AO1 class imbalance and modeling design discussion; not final feature approval.
Order Country,Serbia,1,0,1,0.0,-0.548291,below_min_support_903_rows,approved_by_leakage_conceptual_screening: ao1_policy=allowed; screening_status=deferred_to_gold; decision_time_availability=order_creation,Safe for descriptive AO1 class imbalance and modeling design discussion; not final feature approval.
Customer Segment,Consumer,93504,51248,42256,0.548084,-0.000208,meets_min_support,approved_by_leakage_conceptual_screening: ao1_policy=allowed; screening_status=deferred_to_gold; decision_time_availability=order_creation,Safe for descriptive AO1 class imbalance and modeling design discussion; not final feature approval.
Customer Segment,Corporate,54789,29982,24807,0.547227,-0.001065,meets_min_support,approved_by_leakage_conceptual_screening: ao1_policy=allowed; screening_status=deferred_to_gold; decision_time_availability=order_creation,Safe for descriptive AO1 class imbalance and modeling design discussion; not final feature approval.
Customer Segment,Home Office,32226,17747,14479,0.550704,0.002413,meets_min_support,approved_by_leakage_conceptual_screening: ao1_policy=allowed; screening_status=deferred_to_gold; decision_time_availability=order_creation,Safe for descriptive AO1 class imbalance and modeling design discussion; not final feature approval.
Category Name,Cleats,24551,13496,11055,0.549713,0.001422,meets_min_support,approved_by_leakage_conceptual_screening: ao1_policy=allowed; screening_status=deferred_to_gold; decision_time_availability=order_creation,Safe for descriptive AO1 class imbalance and modeling design discussion; not final feature approval.
Category Name,Men's Footwear,22246,12121,10125,0.544862,-0.003429,meets_min_support,approved_by_leakage_conceptual_screening: ao1_policy=allowed; screening_status=deferred_to_gold; decision_time_availability=order_creation,Safe for descriptive AO1 class imbalance and modeling design discussion; not final feature approval.
Category Name,Women's Apparel,21035,11476,9559,0.545567,-0.002724,meets_min_support,approved_by_leakage_conceptual_screening: ao1_policy=allowed; screening_status=deferred_to_gold; decision_time_availability=order_creation,Safe for descriptive AO1 class imbalance and modeling design discussion; not final feature approval.
Category Name,Indoor/Outdoor Games,19298,10565,8733,0.547466,-0.000825,meets_min_support,approved_by_leakage_conceptual_screening: ao1_policy=allowed; screening_status=deferred_to_gold; decision_time_availability=order_creation,Safe for descriptive AO1 class imbalance and modeling design discussion; not final feature approval.
Category Name,Fishing,17325,9516,7809,0.549264,0.000973,meets_min_support,approved_by_leakage_conceptual_screening: ao1_policy=allowed; screening_status=deferred_to_gold; decision_time_availability=order_creation,Safe for descriptive AO1 class imbalance and modeling design discussion; not final feature approval.
Category Name,Water Sports,15540,8517,7023,0.548069,-0.000222,meets_min_support,approved_by_leakage_conceptual_screening: ao1_policy=allowed; screening_status=deferred_to_gold; decision_time_availability=order_creation,Safe for descriptive AO1 class imbalance and modeling design discussion; not final feature approval.
Category Name,Camping & Hiking,13729,7487,6242,0.545342,-0.002949,meets_min_support,approved_by_leakage_conceptual_screening: ao1_policy=allowed; screening_status=deferred_to_gold; decision_time_availability=order_creation,Safe for descriptive AO1 class imbalance and modeling design discussion; not final feature approval.
Category Name,Cardio Equipment,12487,6805,5682,0.544967,-0.003325,meets_min_support,approved_by_leakage_conceptual_screening: ao1_policy=allowed; screening_status=deferred_to_gold; decision_time_availability=order_creation,Safe for descriptive AO1 class imbalance and modeling design discussion; not final feature approval.
Category Name,Shop By Sport,10984,6058,4926,0.551529,0.003238,meets_min_support,approved_by_leakage_conceptual_screening: ao1_policy=allowed; screening_status=deferred_to_gold; decision_time_availability=order_creation,Safe for descriptive AO1 class imbalance and modeling design discussion; not final feature approval.
Category Name,Electronics,3156,1770,1386,0.560837,0.012545,meets_min_support,approved_by_leakage_conceptual_screening: ao1_policy=allowed; screening_status=deferred_to_gold; decision_time_availability=order_creation,Safe for descriptive AO1 class imbalance and modeling design discussion; not final feature approval.
Category Name,Accessories,1780,1014,766,0.569663,0.021372,meets_min_support,approved_by_leakage_conceptual_screening: ao1_policy=allowed; screening_status=deferred_to_gold; decision_time_availability=order_creation,Safe for descriptive AO1 class imbalance and modeling design discussion; not final feature approval.
Category Name,Golf Balls,1475,805,670,0.545763,-0.002529,meets_min_support,approved_by_leakage_conceptual_screening: ao1_policy=allowed; screening_status=deferred_to_gold; decision_time_availability=order_creation,Safe for descriptive AO1 class imbalance and modeling design discussion; not final feature approval.
Category Name,Girls' Apparel,1201,664,537,0.552873,0.004581,meets_min_support,approved_by_leakage_conceptual_screening: ao1_policy=allowed; screening_status=deferred_to_gold; decision_time_availability=order_creation,Safe for descriptive AO1 class imbalance and modeling design discussion; not final feature approval.
Category Name,Golf Gloves,1070,602,468,0.562617,0.014326,meets_min_support,approved_by_leakage_conceptual_screening: ao1_policy=allowed; screening_status=deferred_to_gold; decision_time_availability=order_creation,Safe for descriptive AO1 class imbalance and modeling design discussion; not final feature approval.
Category Name,Trade-In,974,542,432,0.556468,0.008177,meets_min_support,approved_by_leakage_conceptual_screening: ao1_policy=allowed; screening_status=deferred_to_gold; decision_time_availability=order_creation,Safe for descriptive AO1 class imbalance and modeling design discussion; not final feature approval.
Category Name,Video Games,838,455,383,0.542959,-0.005332,below_min_support_903_rows,approved_by_leakage_conceptual_screening: ao1_policy=allowed; screening_status=deferred_to_gold; decision_time_availability=order_creation,Safe for descriptive AO1 class imbalance and modeling design discussion; not final feature approval.
Category Name,Children's Clothing,652,348,304,0.533742,-0.014549,below_min_support_903_rows,approved_by_leakage_conceptual_screening: ao1_policy=allowed; screening_status=deferred_to_gold; decision_time_availability=order_creation,Safe for descriptive AO1 class imbalance and modeling design discussion; not final feature approval.
Category Name,Women's Clothing,650,367,283,0.564615,0.016324,below_min_support_903_rows,approved_by_leakage_conceptual_screening: ao1_policy=allowed; screening_status=deferred_to_gold; decision_time_availability=order_creation,Safe for descriptive AO1 class imbalance and modeling design discussion; not final feature approval.
Category Name,Baseball & Softball,632,349,283,0.552215,0.003924,below_min_support_903_rows,approved_by_leakage_conceptual_screening: ao1_policy=allowed; screening_status=deferred_to_gold; decision_time_availability=order_creation,Safe for descriptive AO1 class imbalance and modeling design discussion; not final feature approval.
Category Name,Hockey,614,329,285,0.535831,-0.012461,below_min_support_903_rows,approved_by_leakage_conceptual_screening: ao1_policy=allowed; screening_status=deferred_to_gold; decision_time_availability=order_creation,Safe for descriptive AO1 class imbalance and modeling design discussion; not final feature approval.
Category Name,Cameras,592,344,248,0.581081,0.03279,below_min_support_903_rows,approved_by_leakage_conceptual_screening: ao1_policy=allowed; screening_status=deferred_to_gold; decision_time_availability=order_creation,Safe for descriptive AO1 class imbalance and modeling design discussion; not final feature approval.
Category Name,Toys,529,291,238,0.550095,0.001803,below_min_support_903_rows,approved_by_leakage_conceptual_screening: ao1_policy=allowed; screening_status=deferred_to_gold; decision_time_availability=order_creation,Safe for descriptive AO1 class imbalance and modeling design discussion; not final feature approval.
Category Name,Golf Shoes,524,291,233,0.555344,0.007052,below_min_support_903_rows,approved_by_leakage_conceptual_screening: ao1_policy=allowed; screening_status=deferred_to_gold; decision_time_availability=order_creation,Safe for descriptive AO1 class imbalance and modeling design discussion; not final feature approval.
Category Name,Pet Supplies,492,290,202,0.589431,0.04114,below_min_support_903_rows,approved_by_leakage_conceptual_screening: ao1_policy=allowed; screening_status=deferred_to_gold; decision_time_availability=order_creation,Safe for descriptive AO1 class imbalance and modeling design discussion; not final feature approval.
Category Name,Crafts,484,271,213,0.559917,0.011626,below_min_support_903_rows,approved_by_leakage_conceptual_screening: ao1_policy=allowed; screening_status=deferred_to_gold; decision_time_availability=order_creation,Safe for descriptive AO1 class imbalance and modeling design discussion; not final feature approval.
Category Name,Garden,484,270,214,0.557851,0.00956,below_min_support_903_rows,approved_by_leakage_conceptual_screening: ao1_policy=allowed; screening_status=deferred_to_gold; decision_time_availability=order_creation,Safe for descriptive AO1 class imbalance and modeling design discussion; not final feature approval.
Category Name,DVDs,483,259,224,0.536232,-0.012059,below_min_support_903_rows,approved_by_leakage_conceptual_screening: ao1_policy=allowed; screening_status=deferred_to_gold; decision_time_availability=order_creation,Safe for descriptive AO1 class imbalance and modeling design discussion; not final feature approval.
Category Name,Computers,442,224,218,0.506787,-0.041504,below_min_support_903_rows,approved_by_leakage_conceptual_screening: ao1_policy=allowed; screening_status=deferred_to_gold; decision_time_availability=order_creation,Safe for descriptive AO1 class imbalance and modeling design discussion; not final feature approval.
Category Name,Golf Apparel,441,229,212,0.519274,-0.029017,below_min_support_903_rows,approved_by_leakage_conceptual_screening: ao1_policy=allowed; screening_status=deferred_to_gold; decision_time_availability=order_creation,Safe for descriptive AO1 class imbalance and modeling design discussion; not final feature approval.
Category Name,Hunting & Shooting,440,247,193,0.561364,0.013072,below_min_support_903_rows,approved_by_leakage_conceptual_screening: ao1_policy=allowed; screening_status=deferred_to_gold; decision_time_availability=order_creation,Safe for descriptive AO1 class imbalance and modeling design discussion; not final feature approval.
Category Name,Music,434,248,186,0.571429,0.023137,below_min_support_903_rows,approved_by_leakage_conceptual_screening: ao1_policy=allowed; screening_status=deferred_to_gold; decision_time_availability=order_creation,Safe for descriptive AO1 class imbalance and modeling design discussion; not final feature approval.
Category Name,Consumer Electronics,431,238,193,0.552204,0.003913,below_min_support_903_rows,approved_by_leakage_conceptual_screening: ao1_policy=allowed; screening_status=deferred_to_gold; decision_time_availability=order_creation,Safe for descriptive AO1 class imbalance and modeling design discussion; not final feature approval.
Category Name,Boxing & MMA,423,238,185,0.562648,0.014356,below_min_support_903_rows,approved_by_leakage_conceptual_screening: ao1_policy=allowed; screening_status=deferred_to_gold; decision_time_availability=order_creation,Safe for descriptive AO1 class imbalance and modeling design discussion; not final feature approval.
Category Name,Books,405,229,176,0.565432,0.017141,below_min_support_903_rows,approved_by_leakage_conceptual_screening: ao1_policy=allowed; screening_status=deferred_to_gold; decision_time_availability=order_creation,Safe for descriptive AO1 class imbalance and modeling design discussion; not final feature approval.
Category Name,Kids' Golf Clubs,384,205,179,0.533854,-0.014437,below_min_support_903_rows,approved_by_leakage_conceptual_screening: ao1_policy=allowed; screening_status=deferred_to_gold; decision_time_availability=order_creation,Safe for descriptive AO1 class imbalance and modeling design discussion; not final feature approval.
Category Name,Health and Beauty,362,202,160,0.558011,0.00972,below_min_support_903_rows,approved_by_leakage_conceptual_screening: ao1_policy=allowed; screening_status=deferred_to_gold; decision_time_availability=order_creation,Safe for descriptive AO1 class imbalance and modeling design discussion; not final feature approval.
Category Name,Sporting Goods,357,198,159,0.554622,0.006331,below_min_support_903_rows,approved_by_leakage_conceptual_screening: ao1_policy=allowed; screening_status=deferred_to_gold; decision_time_availability=order_creation,Safe for descriptive AO1 class imbalance and modeling design discussion; not final feature approval.
Category Name,Lacrosse,343,206,137,0.600583,0.052292,below_min_support_903_rows,approved_by_leakage_conceptual_screening: ao1_policy=allowed; screening_status=deferred_to_gold; decision_time_availability=order_creation,Safe for descriptive AO1 class imbalance and modeling design discussion; not final feature approval.
Category Name,Tennis & Racquet,328,183,145,0.557927,0.009636,below_min_support_903_rows,approved_by_leakage_conceptual_screening: ao1_policy=allowed; screening_status=deferred_to_gold; decision_time_availability=order_creation,Safe for descriptive AO1 class imbalance and modeling design discussion; not final feature approval.
Category Name,Fitness Accessories,309,176,133,0.569579,0.021288,below_min_support_903_rows,approved_by_leakage_conceptual_screening: ao1_policy=allowed; screening_status=deferred_to_gold; decision_time_availability=order_creation,Safe for descriptive AO1 class imbalance and modeling design discussion; not final feature approval.
Category Name,Men's Golf Clubs,283,135,148,0.477032,-0.07126,below_min_support_903_rows,approved_by_leakage_conceptual_screening: ao1_policy=allowed; screening_status=deferred_to_gold; decision_time_availability=order_creation,Safe for descriptive AO1 class imbalance and modeling design discussion; not final feature approval.
Category Name,CDs,271,141,130,0.520295,-0.027996,below_min_support_903_rows,approved_by_leakage_conceptual_screening: ao1_policy=allowed; screening_status=deferred_to_gold; decision_time_availability=order_creation,Safe for descriptive AO1 class imbalance and modeling design discussion; not final feature approval.
Category Name,Men's Clothing,208,113,95,0.543269,-0.005022,below_min_support_903_rows,approved_by_leakage_conceptual_screening: ao1_policy=allowed; screening_status=deferred_to_gold; decision_time_availability=order_creation,Safe for descriptive AO1 class imbalance and modeling design discussion; not final feature approval.
Category Name,Baby,207,109,98,0.52657,-0.021721,below_min_support_903_rows,approved_by_leakage_conceptual_screening: ao1_policy=allowed; screening_status=deferred_to_gold; decision_time_availability=order_creation,Safe for descriptive AO1 class imbalance and modeling design discussion; not final feature approval.
Category Name,Women's Golf Clubs,181,97,84,0.535912,-0.01238,below_min_support_903_rows,approved_by_leakage_conceptual_screening: ao1_policy=allowed; screening_status=deferred_to_gold; decision_time_availability=order_creation,Safe for descriptive AO1 class imbalance and modeling design discussion; not final feature approval.
Category Name,Soccer,138,75,63,0.543478,-0.004813,below_min_support_903_rows,approved_by_leakage_conceptual_screening: ao1_policy=allowed; screening_status=deferred_to_gold; decision_time_availability=order_creation,Safe for descriptive AO1 class imbalance and modeling design discussion; not final feature approval.
Category Name,Strength Training,111,64,47,0.576577,0.028285,below_min_support_903_rows,approved_by_leakage_conceptual_screening: ao1_policy=allowed; screening_status=deferred_to_gold; decision_time_availability=order_creation,Safe for descriptive AO1 class imbalance and modeling design discussion; not final feature approval.
Category Name,As Seen on  TV!,68,39,29,0.573529,0.025238,below_min_support_903_rows,approved_by_leakage_conceptual_screening: ao1_policy=allowed; screening_status=deferred_to_gold; decision_time_availability=order_creation,Safe for descriptive AO1 class imbalance and modeling design discussion; not final feature approval.
Category Name,Basketball,67,37,30,0.552239,0.003947,below_min_support_903_rows,approved_by_leakage_conceptual_screening: ao1_policy=allowed; screening_status=deferred_to_gold; decision_time_availability=order_creation,Safe for descriptive AO1 class imbalance and modeling design discussion; not final feature approval.
Category Name,Golf Bags & Carts,61,42,19,0.688525,0.140233,below_min_support_903_rows,approved_by_leakage_conceptual_screening: ao1_policy=allowed; screening_status=deferred_to_gold; decision_time_availability=order_creation,Safe for descriptive AO1 class imbalance and modeling design discussion; not final feature approval.
Department Name,Fan Shop,66861,36623,30238,0.547748,-0.000543,meets_min_support,approved_by_leakage_conceptual_screening: ao1_policy=allowed; screening_status=deferred_to_gold; decision_time_availability=order_creation,Safe for descriptive AO1 class imbalance and modeling design discussion; not final feature approval.
Department Name,Apparel,48998,26825,22173,0.547471,-0.00082,meets_min_support,approved_by_leakage_conceptual_screening: ao1_policy=allowed; screening_status=deferred_to_gold; decision_time_availability=order_creation,Safe for descriptive AO1 class imbalance and modeling design discussion; not final feature approval.
Department Name,Golf,33220,18198,15022,0.547803,-0.000489,meets_min_support,approved_by_leakage_conceptual_screening: ao1_policy=allowed; screening_status=deferred_to_gold; decision_time_availability=order_creation,Safe for descriptive AO1 class imbalance and modeling design discussion; not final feature approval.
Department Name,Footwear,14525,7949,6576,0.547263,-0.001028,meets_min_support,approved_by_leakage_conceptual_screening: ao1_policy=allowed; screening_status=deferred_to_gold; decision_time_availability=order_creation,Safe for descriptive AO1 class imbalance and modeling design discussion; not final feature approval.
Department Name,Outdoors,9686,5375,4311,0.554925,0.006633,meets_min_support,approved_by_leakage_conceptual_screening: ao1_policy=allowed; screening_status=deferred_to_gold; decision_time_availability=order_creation,Safe for descriptive AO1 class imbalance and modeling design discussion; not final feature approval.
Department Name,Fitness,2479,1377,1102,0.555466,0.007175,meets_min_support,approved_by_leakage_conceptual_screening: ao1_policy=allowed; screening_status=deferred_to_gold; decision_time_availability=order_creation,Safe for descriptive AO1 class imbalance and modeling design discussion; not final feature approval.
Department Name,Discs Shop,2026,1103,923,0.544423,-0.003869,meets_min_support,approved_by_leakage_conceptual_screening: ao1_policy=allowed; screening_status=deferred_to_gold; decision_time_availability=order_creation,Safe for descriptive AO1 class imbalance and modeling design discussion; not final feature approval.
Department Name,Technology,1465,806,659,0.550171,0.001879,meets_min_support,approved_by_leakage_conceptual_screening: ao1_policy=allowed; screening_status=deferred_to_gold; decision_time_availability=order_creation,Safe for descriptive AO1 class imbalance and modeling design discussion; not final feature approval.
Department Name,Pet Shop,492,290,202,0.589431,0.04114,below_min_support_903_rows,approved_by_leakage_conceptual_screening: ao1_policy=allowed; screening_status=deferred_to_gold; decision_time_availability=order_creation,Safe for descriptive AO1 class imbalance and modeling design discussion; not final feature approval.
Department Name,Book Shop,405,229,176,0.565432,0.017141,below_min_support_903_rows,approved_by_leakage_conceptual_screening: ao1_policy=allowed; screening_status=deferred_to_gold; decision_time_availability=order_creation,Safe for descriptive AO1 class imbalance and modeling design discussion; not final feature approval.
Department Name,Health and Beauty,362,202,160,0.558011,0.00972,below_min_support_903_rows,approved_by_leakage_conceptual_screening: ao1_policy=allowed; screening_status=deferred_to_gold; decision_time_availability=order_creation,Safe for descriptive AO1 class imbalance and modeling design discussion; not final feature approval.
order_month,01_january,17979,9827,8152,0.546582,-0.001709,meets_min_support,approved_by_leakage_conceptual_screening: ao1_policy=allowed; screening_status=deferred_to_gold; decision_time_availability=order_creation_derived,Safe for descriptive AO1 class imbalance and modeling design discussion; not final feature approval.
order_month,05_may,15976,8745,7231,0.547384,-0.000908,meets_min_support,approved_by_leakage_conceptual_screening: ao1_policy=allowed; screening_status=deferred_to_gold; decision_time_availability=order_creation_derived,Safe for descriptive AO1 class imbalance and modeling design discussion; not final feature approval.
order_month,07_july,15922,8607,7315,0.540573,-0.007719,meets_min_support,approved_by_leakage_conceptual_screening: ao1_policy=allowed; screening_status=deferred_to_gold; decision_time_availability=order_creation_derived,Safe for descriptive AO1 class imbalance and modeling design discussion; not final feature approval.
order_month,03_march,15919,8796,7123,0.552547,0.004256,meets_min_support,approved_by_leakage_conceptual_screening: ao1_policy=allowed; screening_status=deferred_to_gold; decision_time_availability=order_creation_derived,Safe for descriptive AO1 class imbalance and modeling design discussion; not final feature approval.
order_month,08_august,15912,8878,7034,0.557944,0.009652,meets_min_support,approved_by_leakage_conceptual_screening: ao1_policy=allowed; screening_status=deferred_to_gold; decision_time_availability=order_creation_derived,Safe for descriptive AO1 class imbalance and modeling design discussion; not final feature approval.
order_month,09_september,15489,8565,6924,0.552973,0.004682,meets_min_support,approved_by_leakage_conceptual_screening: ao1_policy=allowed; screening_status=deferred_to_gold; decision_time_availability=order_creation_derived,Safe for descriptive AO1 class imbalance and modeling design discussion; not final feature approval.
order_month,04_april,15435,8378,7057,0.542792,-0.005499,meets_min_support,approved_by_leakage_conceptual_screening: ao1_policy=allowed; screening_status=deferred_to_gold; decision_time_availability=order_creation_derived,Safe for descriptive AO1 class imbalance and modeling design discussion; not final feature approval.
order_month,06_june,15139,8300,6839,0.548253,-3.8e-05,meets_min_support,approved_by_leakage_conceptual_screening: ao1_policy=allowed; screening_status=deferred_to_gold; decision_time_availability=order_creation_derived,Safe for descriptive AO1 class imbalance and modeling design discussion; not final feature approval.
order_month,02_february,14529,7926,6603,0.54553,-0.002762,meets_min_support,approved_by_leakage_conceptual_screening: ao1_policy=allowed; screening_status=deferred_to_gold; decision_time_availability=order_creation_derived,Safe for descriptive AO1 class imbalance and modeling design discussion; not final feature approval.
order_month,10_october,12955,7073,5882,0.545967,-0.002325,meets_min_support,approved_by_leakage_conceptual_screening: ao1_policy=allowed; screening_status=deferred_to_gold; decision_time_availability=order_creation_derived,Safe for descriptive AO1 class imbalance and modeling design discussion; not final feature approval.
order_month,12_december,12764,7063,5701,0.553353,0.005062,meets_min_support,approved_by_leakage_conceptual_screening: ao1_policy=allowed; screening_status=deferred_to_gold; decision_time_availability=order_creation_derived,Safe for descriptive AO1 class imbalance and modeling design discussion; not final feature approval.
order_month,11_november,12500,6819,5681,0.54552,-0.002771,meets_min_support,approved_by_leakage_conceptual_screening: ao1_policy=allowed; screening_status=deferred_to_gold; decision_time_availability=order_creation_derived,Safe for descriptive AO1 class imbalance and modeling design discussion; not final feature approval.
order_day_of_week,1_sunday,25946,14300,11646,0.551145,0.002853,meets_min_support,approved_by_leakage_conceptual_screening: ao1_policy=allowed; screening_status=deferred_to_gold; decision_time_availability=order_creation_derived,Safe for descriptive AO1 class imbalance and modeling design discussion; not final feature approval.
order_day_of_week,6_friday,25925,14303,11622,0.551707,0.003416,meets_min_support,approved_by_leakage_conceptual_screening: ao1_policy=allowed; screening_status=deferred_to_gold; decision_time_availability=order_creation_derived,Safe for descriptive AO1 class imbalance and modeling design discussion; not final feature approval.
order_day_of_week,7_saturday,25901,14089,11812,0.543956,-0.004335,meets_min_support,approved_by_leakage_conceptual_screening: ao1_policy=allowed; screening_status=deferred_to_gold; decision_time_availability=order_creation_derived,Safe for descriptive AO1 class imbalance and modeling design discussion; not final feature approval.
order_day_of_week,2_monday,25786,14196,11590,0.550531,0.00224,meets_min_support,approved_by_leakage_conceptual_screening: ao1_policy=allowed; screening_status=deferred_to_gold; decision_time_availability=order_creation_derived,Safe for descriptive AO1 class imbalance and modeling design discussion; not final feature approval.
order_day_of_week,5_thursday,25752,14165,11587,0.550054,0.001763,meets_min_support,approved_by_leakage_conceptual_screening: ao1_policy=allowed; screening_status=deferred_to_gold; decision_time_availability=order_creation_derived,Safe for descriptive AO1 class imbalance and modeling design discussion; not final feature approval.
order_day_of_week,3_tuesday,25622,13913,11709,0.54301,-0.005281,meets_min_support,approved_by_leakage_conceptual_screening: ao1_policy=allowed; screening_status=deferred_to_gold; decision_time_availability=order_creation_derived,Safe for descriptive AO1 class imbalance and modeling design discussion; not final feature approval.
order_day_of_week,4_wednesday,25587,14011,11576,0.547583,-0.000709,meets_min_support,approved_by_leakage_conceptual_screening: ao1_policy=allowed; screening_status=deferred_to_gold; decision_time_availability=order_creation_derived,Safe for descriptive AO1 class imbalance and modeling design discussion; not final feature approval.
order_is_weekend,weekday,128672,70588,58084,0.548589,0.000297,meets_min_support,approved_by_leakage_conceptual_screening: ao1_policy=allowed; screening_status=deferred_to_gold; decision_time_availability=order_creation_derived,Safe for descriptive AO1 class imbalance and modeling design discussion; not final feature approval.
order_is_weekend,weekend,51847,28389,23458,0.547553,-0.000738,meets_min_support,approved_by_leakage_conceptual_screening: ao1_policy=allowed; screening_status=deferred_to_gold; decision_time_availability=order_creation_derived,Safe for descriptive AO1 class imbalance and modeling design discussion; not final feature approval.
