variable_name,analysis_column,variable_origin,variable_type,ao2_policy,screening_status,decision_time_valid,target_reconstruction_risk,eda_summary,notable_pattern,profit_difference_from_overall,sample_size_caveat,leakage_review_result,modeling_recommendation,requires_group_validation,recommended_action,financial_or_commercial_review_field,source_rationale,required_action_from_screening
Type,Type,raw_dataco,categorical,conditional,needs_group_review,requires_group_review,policy_or_stability_review_required,Categorical: 4 groups; 4 met support. Strongest supported group 'CASH' had mean profit $23.35 (+1.37 vs overall).,Highest supported mean: 'CASH' $23.35; lowest: 'PAYMENT' $21.26.,1.3723,Minimum support 903; 0 groups below threshold.,"Decision-time plausible, but not approved for AO2 modeling without group validation.",Prepare for group validation; do not approve as an AO2 modeling predictor in this issue.,True,conditional_requires_group_review,False,"Transaction type appears to be known at order creation, but business semantics should be confirmed before modeling.",May be used as a categorical candidate after train-only encoding.
Days for shipping (real),Days_for_shipping_real,raw_dataco,categorical_numeric,forbidden,excluded,no,post_outcome_or_leakage_risk,Not analyzed as an AO2 candidate under the current leakage or target policy.,Excluded from candidate modeling review.,,Not applicable.,Excluded from AO2 modeling; retained only for descriptive audit or dashboard context.,"Use only for descriptive audit, dashboard, or governance context.",False,dashboard_only,False,Actual shipping duration is known only after fulfillment and can directly reveal late-delivery behavior.,"Use only for outcome audit, descriptive dashboards, and AO1 target validation."
Days for shipment (scheduled),Days_for_shipment_scheduled,raw_dataco,categorical_numeric,allowed,deferred_to_gold,yes,low_known_direct_risk,Categorical: 4 groups; 4 met support. Strongest supported group '1' had mean profit $23.12 (+1.15 vs overall).,Highest supported mean: '1' $23.12; lowest: '0' $20.85.,1.1472,Minimum support 903; 0 groups below threshold.,AO2 allowed by conceptual screening; still subject to Gold/modeling review.,Candidate for later AO2 Gold/modeling review; do not infer causality or final feature approval.,False,candidate_for_gold_review,False,Scheduled shipping duration is planned service information expected to be known before dispatch.,Can support planned-service features such as speed tier or urgent-service flag.
Benefit per order,Benefit_per_order,raw_dataco,numeric,forbidden,excluded,target_or_proxy,high_target_or_profit_proxy,Not analyzed as an AO2 candidate under the current leakage or target policy.,Excluded from candidate modeling review.,,Not applicable.,"Excluded from AO2 predictors because it is the target, duplicate profit, realized margin, or direct profit proxy.","Exclude from AO2 predictors as target, duplicate profit, or realized profit proxy.",False,target_or_proxy_excluded,True,This field is an earnings/profit outcome and is documented as an exact duplicate or proxy of the AO2 target.,Use only for AO2 target audit or descriptive historical reporting.
Sales per customer,Sales_per_customer,raw_dataco,numeric,conditional,needs_group_review,requires_group_review,commercial_formula_review_required,"Numeric: 5 supported quantile bins; missing rate 0.0%. Strongest supported bin (272.98, 1939.99] had mean profit $42.81 (+20.83 vs overall).","mean profit increases across supported bins; highest supported bin (272.98, 1939.99] $42.81; lowest bin (7.489, 94.5] $6.89.",20.8311,Minimum support 903; missing rate 0.0%.,Commercial or order-value field; not approved for AO2 modeling without group validation of target-reconstruction risk.,Prepare for group validation; do not approve as an AO2 modeling predictor in this issue.,True,conditional_requires_group_review,True,Despite its name this is treated under the current AO2 policy as order-value information that may duplicate Order Item Total; it is not approved as a customer-history aggregate.,Confirm semantics before modeling; prefer Order Item Total if both are available and document selected AO2 financial predictors.
Delivery Status,Delivery_Status,raw_dataco,categorical,forbidden,excluded,no,post_outcome_or_leakage_risk,Not analyzed as an AO2 candidate under the current leakage or target policy.,Excluded from candidate modeling review.,,Not applicable.,Excluded from AO2 modeling; retained only for descriptive audit or dashboard context.,"Use only for descriptive audit, dashboard, or governance context.",False,dashboard_only,False,Delivery status is a post-delivery outcome and direct proxy for AO1 late-delivery target.,Use only for descriptive reporting and target validation.
Late_delivery_risk,Late_delivery_risk,raw_dataco,categorical_numeric,forbidden,approved,no,post_outcome_or_leakage_risk,Not analyzed as an AO2 candidate under the current leakage or target policy.,Excluded from candidate modeling review.,,Not applicable.,Excluded from AO2 modeling by leakage screening.,Exclude from AO2 predictor lists.,False,exclude_from_ao2_modeling,False,This is the official AO1 binary target and must never be used as a predictor.,"Use as AO1 target only; exclude from AO1, AO2, and dashboard predictor feature matrices."
Category Id,Category_Id,raw_dataco,numeric,conditional,needs_group_review,requires_group_review,policy_or_stability_review_required,Direct bivariate ranking skipped for this review-sensitive field.,Identifier or numeric key; direct bivariate ranking is not a modeling signal.,,Requires approved grouping or train-only aggregate design before modeling.,"Decision-time plausible, but not approved for AO2 modeling without group validation.",Prepare for group validation; do not approve as an AO2 modeling predictor in this issue.,True,conditional_requires_group_review,False,Product category code is likely known at order creation but may be high-cardinality or duplicate Product Category Id.,Use directly only after categorical review; training-only encoding required for modeling.
Category Name,Category_Name,raw_dataco,categorical,allowed,deferred_to_gold,yes,low_known_direct_risk,Categorical: 50 groups; 15 met support. Strongest supported group 'Fishing' had mean profit $43.65 (+21.67 vs overall).,Highest supported mean: 'Fishing' $43.65; lowest: 'Golf Balls' $5.66.,21.6741,Minimum support 903; 35 groups below threshold.,AO2 allowed by conceptual screening; still subject to Gold/modeling review.,Candidate for later AO2 Gold/modeling review; do not infer causality or final feature approval.,False,candidate_for_gold_review,False,Product category name is expected to be known at order creation and has clear business meaning.,Can be normalized or grouped deterministically before train-only encoding.
Customer City,Customer_City,raw_dataco,categorical,conditional,needs_group_review,requires_group_review,policy_or_stability_review_required,Skipped direct category ranking: 563 distinct values exceeds the focused EDA limit of 75.,High-cardinality field; review grouping before modeling.,,High-cardinality direct use not reviewed; minimum support was 903.,"Decision-time plausible, but not approved for AO2 modeling without group validation.",Prepare for group validation; do not approve as an AO2 modeling predictor in this issue.,True,conditional_requires_group_review,False,Customer city is likely known at order creation but may be high-cardinality and unstable.,Use normalized city or grouped region features; avoid blind one-hot encoding.
Customer Country,Customer_Country,raw_dataco,categorical,allowed,deferred_to_gold,yes,low_known_direct_risk,Categorical: 2 groups; 2 met support. Strongest supported group 'Puerto Rico' had mean profit $21.82 (-0.16 vs overall).,Highest supported mean: 'EE. UU.' $22.07; lowest: 'Puerto Rico' $21.82.,-0.1599,Minimum support 903; 0 groups below threshold.,AO2 allowed by conceptual screening; still subject to Gold/modeling review.,Candidate for later AO2 Gold/modeling review; do not infer causality or final feature approval.,False,candidate_for_gold_review,False,Customer country is a stable geographic field expected to be known at order creation.,Can be used as a regional categorical feature after train-only encoding.
Customer Email,Customer_Email,raw_dataco,categorical,forbidden,excluded,no,low_known_direct_risk,Not analyzed as an AO2 candidate under the current leakage or target policy.,Excluded from candidate modeling review.,,Not applicable.,Excluded from AO2 modeling by leakage screening.,Exclude from AO2 predictor lists.,False,exclude_from_ao2_modeling,False,Masked or direct customer contact information is an identifier and not operationally useful for modeling.,Exclude from modeling and dashboard outputs unless explicitly needed for data-quality audit.
Customer Fname,Customer_Fname,raw_dataco,categorical,forbidden,excluded,no,low_known_direct_risk,Not analyzed as an AO2 candidate under the current leakage or target policy.,Excluded from candidate modeling review.,,Not applicable.,Excluded from AO2 modeling by leakage screening.,Exclude from AO2 predictor lists.,False,exclude_from_ao2_modeling,False,Customer first name is a personal identifier.,Exclude from modeling and reporting artifacts.
Customer Id,Customer_Id,raw_dataco,numeric,conditional,needs_group_review,requires_group_review,policy_or_stability_review_required,Direct bivariate ranking skipped for this review-sensitive field.,Identifier or numeric key; direct bivariate ranking is not a modeling signal.,,Requires approved grouping or train-only aggregate design before modeling.,"Decision-time plausible, but not approved for AO2 modeling without group validation.",Prepare for group validation; do not approve as an AO2 modeling predictor in this issue.,True,conditional_requires_group_review,False,Customer ID may be known at order creation but should not be used directly as a high-cardinality identifier.,May support historical aggregates only if computed with time-aware train-only logic.
Customer Lname,Customer_Lname,raw_dataco,categorical,forbidden,excluded,no,low_known_direct_risk,Not analyzed as an AO2 candidate under the current leakage or target policy.,Excluded from candidate modeling review.,,Not applicable.,Excluded from AO2 modeling by leakage screening.,Exclude from AO2 predictor lists.,False,exclude_from_ao2_modeling,False,Customer last name is a personal identifier and has limited modeling value.,Exclude from modeling and reporting artifacts.
Customer Password,Customer_Password,raw_dataco,categorical,forbidden,excluded,no,low_known_direct_risk,Not analyzed as an AO2 candidate under the current leakage or target policy.,Excluded from candidate modeling review.,,Not applicable.,Excluded from AO2 modeling by leakage screening.,Exclude from AO2 predictor lists.,False,exclude_from_ao2_modeling,False,Masked customer password/key is sensitive and non-operational for modeling.,Exclude from all modeling and dashboard artifacts.
Customer Segment,Customer_Segment,raw_dataco,categorical,allowed,deferred_to_gold,yes,low_known_direct_risk,Categorical: 3 groups; 3 met support. Strongest supported group 'Home Office' had mean profit $21.44 (-0.54 vs overall).,Highest supported mean: 'Consumer' $22.18; lowest: 'Home Office' $21.44.,-0.5376,Minimum support 903; 0 groups below threshold.,AO2 allowed by conceptual screening; still subject to Gold/modeling review.,Candidate for later AO2 Gold/modeling review; do not infer causality or final feature approval.,False,candidate_for_gold_review,False,Customer segment is expected to be known at order creation and has clear business meaning.,Can be normalized and encoded inside train-only preprocessing.
Customer State,Customer_State,raw_dataco,categorical,allowed,deferred_to_gold,yes,low_known_direct_risk,Categorical: 46 groups; 27 met support. Strongest supported group 'NM' had mean profit $28.12 (+6.14 vs overall).,Highest supported mean: 'NM' $28.12; lowest: 'LA' $18.11.,6.1444,Minimum support 903; 19 groups below threshold.,AO2 allowed by conceptual screening; still subject to Gold/modeling review.,Candidate for later AO2 Gold/modeling review; do not infer causality or final feature approval.,False,candidate_for_gold_review,False,Customer state is expected to be known at order creation and supports regional analysis.,Can be normalized or grouped before train-only encoding.
Customer Street,Customer_Street,raw_dataco,categorical,forbidden,excluded,no,low_known_direct_risk,Not analyzed as an AO2 candidate under the current leakage or target policy.,Excluded from candidate modeling review.,,Not applicable.,Excluded from AO2 modeling by leakage screening.,Exclude from AO2 predictor lists.,False,exclude_from_ao2_modeling,False,Street-level address detail is high-cardinality and sensitive.,Exclude; use coarser regional fields instead.
Customer Zipcode,Customer_Zipcode,raw_dataco,numeric,conditional,needs_group_review,requires_group_review,policy_or_stability_review_required,Direct bivariate ranking skipped for this review-sensitive field.,Granular location field; use only approved coarse grouping or availability flags.,,Requires approved grouping or train-only aggregate design before modeling.,"Decision-time plausible, but not approved for AO2 modeling without group validation.",Prepare for group validation; do not approve as an AO2 modeling predictor in this issue.,True,conditional_requires_group_review,False,Customer postal code may be known at order creation but is granular and partially missing.,Prefer availability flags or coarse geographic grouping; avoid raw zip as direct feature.
Department Id,Department_Id,raw_dataco,categorical_numeric,conditional,needs_group_review,requires_group_review,policy_or_stability_review_required,Direct bivariate ranking skipped for this review-sensitive field.,Identifier or numeric key; direct bivariate ranking is not a modeling signal.,,Requires approved grouping or train-only aggregate design before modeling.,"Decision-time plausible, but not approved for AO2 modeling without group validation.",Prepare for group validation; do not approve as an AO2 modeling predictor in this issue.,True,conditional_requires_group_review,False,Department code is expected to be known at order creation but may duplicate department name.,Use with documented category/department grouping decisions.
Department Name,Department_Name,raw_dataco,categorical,allowed,deferred_to_gold,yes,low_known_direct_risk,Categorical: 11 groups; 8 met support. Strongest supported group 'Technology' had mean profit $77.25 (+55.27 vs overall).,Highest supported mean: 'Technology' $77.25; lowest: 'Discs Shop' $11.94.,55.2742,Minimum support 903; 3 groups below threshold.,AO2 allowed by conceptual screening; still subject to Gold/modeling review.,Candidate for later AO2 Gold/modeling review; do not infer causality or final feature approval.,False,candidate_for_gold_review,False,Department name is expected to be known at order creation and has clear business meaning.,Can be normalized and encoded inside train-only preprocessing.
Latitude,Latitude,raw_dataco,numeric,conditional,needs_group_review,requires_group_review,policy_or_stability_review_required,Direct bivariate ranking skipped for this review-sensitive field.,Granular location field; use only approved coarse grouping or availability flags.,,Requires approved grouping or train-only aggregate design before modeling.,"Decision-time plausible, but not approved for AO2 modeling without group validation.",Prepare for group validation; do not approve as an AO2 modeling predictor in this issue.,True,conditional_requires_group_review,False,"Latitude appears to describe customer/store geography and is expected to be known before dispatch, but precision should be controlled.",Prefer rounded coordinates or regional grouping for modeling.
Longitude,Longitude,raw_dataco,numeric,conditional,needs_group_review,requires_group_review,policy_or_stability_review_required,Direct bivariate ranking skipped for this review-sensitive field.,Granular location field; use only approved coarse grouping or availability flags.,,Requires approved grouping or train-only aggregate design before modeling.,"Decision-time plausible, but not approved for AO2 modeling without group validation.",Prepare for group validation; do not approve as an AO2 modeling predictor in this issue.,True,conditional_requires_group_review,False,"Longitude appears to describe customer/store geography and is expected to be known before dispatch, but precision should be controlled.",Prefer rounded coordinates or regional grouping for modeling.
Market,Market,raw_dataco,categorical,allowed,deferred_to_gold,yes,low_known_direct_risk,Categorical: 5 groups; 5 met support. Strongest supported group 'Europe' had mean profit $23.27 (+1.30 vs overall).,Highest supported mean: 'Europe' $23.27; lowest: 'Pacific Asia' $20.79.,1.2966,Minimum support 903; 0 groups below threshold.,AO2 allowed by conceptual screening; still subject to Gold/modeling review.,Candidate for later AO2 Gold/modeling review; do not infer causality or final feature approval.,False,candidate_for_gold_review,False,Market is an order destination operating region expected to be known before dispatch.,Can be used as a regional categorical feature after train-only encoding.
Order City,Order_City,raw_dataco,categorical,conditional,needs_group_review,requires_group_review,policy_or_stability_review_required,Skipped direct category ranking: 3597 distinct values exceeds the focused EDA limit of 75.,High-cardinality field; review grouping before modeling.,,High-cardinality direct use not reviewed; minimum support was 903.,"Decision-time plausible, but not approved for AO2 modeling without group validation.",Prepare for group validation; do not approve as an AO2 modeling predictor in this issue.,True,conditional_requires_group_review,False,Order destination city is expected to be known before dispatch but may be high-cardinality.,"Use normalized city, grouped geography, or training-only encoding with review."
Order Country,Order_Country,raw_dataco,categorical,allowed,deferred_to_gold,yes,low_known_direct_risk,Skipped direct category ranking: 164 distinct values exceeds the focused EDA limit of 75.,High-cardinality field; review grouping before modeling.,,High-cardinality direct use not reviewed; minimum support was 903.,AO2 allowed by conceptual screening; still subject to Gold/modeling review.,Candidate for later AO2 Gold/modeling review; do not infer causality or final feature approval.,False,candidate_for_gold_review,False,Order destination country is expected to be known before dispatch and has clear business meaning.,Can be used as a regional categorical feature after train-only encoding.
Order Customer Id,Order_Customer_Id,raw_dataco,numeric,conditional,needs_group_review,requires_group_review,policy_or_stability_review_required,Direct bivariate ranking skipped for this review-sensitive field.,Identifier or numeric key; direct bivariate ranking is not a modeling signal.,,Requires approved grouping or train-only aggregate design before modeling.,"Decision-time plausible, but not approved for AO2 modeling without group validation.",Prepare for group validation; do not approve as an AO2 modeling predictor in this issue.,True,conditional_requires_group_review,False,Order customer code is an identifier likely known at order creation but should not be used directly as a raw high-cardinality feature.,May support training-only historical aggregates if approved.
order date (DateOrders),order_date_DateOrders,raw_dataco,categorical,allowed,needs_group_review,requires_group_review,policy_or_stability_review_required,Direct bivariate ranking skipped for this review-sensitive field.,Raw timestamp should be replaced by approved derived features for modeling review.,,Requires approved grouping or train-only aggregate design before modeling.,"Decision-time plausible, but not approved for AO2 modeling without group validation.",Prepare for group validation; do not approve as an AO2 modeling predictor in this issue.,True,conditional_requires_group_review,False,Order timestamp is known at order creation and is needed for chronological split and seasonality features.,Use derived calendar features; avoid treating raw timestamp as an unconstrained model feature.
Order Id,Order_Id,raw_dataco,numeric,forbidden,excluded,no,low_known_direct_risk,Not analyzed as an AO2 candidate under the current leakage or target policy.,Excluded from candidate modeling review.,,Not applicable.,Excluded from AO2 modeling by leakage screening.,Exclude from AO2 predictor lists.,False,exclude_from_ao2_modeling,False,"Order ID is a row/order identifier, not a predictive business signal.","Use only for traceability, joins, deduplication, and validation."
Order Item Cardprod Id,Order_Item_Cardprod_Id,raw_dataco,numeric,conditional,needs_group_review,requires_group_review,policy_or_stability_review_required,Direct bivariate ranking skipped for this review-sensitive field.,Identifier or numeric key; direct bivariate ranking is not a modeling signal.,,Requires approved grouping or train-only aggregate design before modeling.,"Decision-time plausible, but not approved for AO2 modeling without group validation.",Prepare for group validation; do not approve as an AO2 modeling predictor in this issue.,True,conditional_requires_group_review,False,Order-item product code is known at order creation but may be high-cardinality.,Use only after product grouping or train-only encoding review.
Order Item Discount,Order_Item_Discount,raw_dataco,numeric,conditional,needs_group_review,requires_group_review,commercial_formula_review_required,"Numeric: 5 supported quantile bins; missing rate 0.0%. Strongest supported bin (34.0, 500.0] had mean profit $32.49 (+10.51 vs overall).","nonlinear or uneven bin pattern; highest supported bin (34.0, 500.0] $32.49; lowest bin (4.0, 10.0] $16.44.",10.5119,Minimum support 903; missing rate 0.0%.,Commercial or order-value field; not approved for AO2 modeling without group validation of target-reconstruction risk.,Prepare for group validation; do not approve as an AO2 modeling predictor in this issue.,True,conditional_requires_group_review,True,Discount value is likely known at order time but must be reviewed for AO2 target-reconstruction risk.,Allowed only if documented as pre-dispatch and not used to reconstruct profit target.
Order Item Discount Rate,Order_Item_Discount_Rate,raw_dataco,numeric,conditional,needs_group_review,requires_group_review,commercial_formula_review_required,"Numeric: 5 supported quantile bins; missing rate 0.0%. Strongest supported bin (0.17, 0.25] had mean profit $19.03 (-2.94 vs overall).","mean profit decreases across supported bins; highest supported bin (-0.001, 0.03] $24.08; lowest bin (0.17, 0.25] $19.03.",-2.9424,Minimum support 903; missing rate 0.0%.,Commercial or order-value field; not approved for AO2 modeling without group validation of target-reconstruction risk.,Prepare for group validation; do not approve as an AO2 modeling predictor in this issue.,True,conditional_requires_group_review,True,Discount rate is likely known at order time but must be reviewed for AO2 target-reconstruction risk.,Can support commercial structure features with AO2 review.
Order Item Id,Order_Item_Id,raw_dataco,numeric,forbidden,excluded,no,low_known_direct_risk,Not analyzed as an AO2 candidate under the current leakage or target policy.,Excluded from candidate modeling review.,,Not applicable.,Excluded from AO2 modeling by leakage screening.,Exclude from AO2 predictor lists.,False,exclude_from_ao2_modeling,False,"Order item ID is a row/item identifier, not a predictive business signal.","Use only for traceability, joins, deduplication, and validation."
Order Item Product Price,Order_Item_Product_Price,raw_dataco,numeric,conditional,needs_group_review,requires_group_review,commercial_formula_review_required,"Numeric: 5 supported quantile bins; missing rate 0.0%. Strongest supported bin (215.82, 1999.99] had mean profit $39.99 (+18.01 vs overall).","mean profit increases across supported bins; highest supported bin (215.82, 1999.99] $39.99; lowest bin (9.989, 49.98] $12.76.",18.0134,Minimum support 903; missing rate 0.0%.,Commercial or order-value field; not approved for AO2 modeling without group validation of target-reconstruction risk.,Prepare for group validation; do not approve as an AO2 modeling predictor in this issue.,True,conditional_requires_group_review,True,Product price is expected to be known at order time but may duplicate Product Price.,Prefer one price field only; document AO2 financial predictor selection.
Order Item Profit Ratio,Order_Item_Profit_Ratio,raw_dataco,numeric,forbidden,excluded,target_or_proxy,high_target_or_profit_proxy,Not analyzed as an AO2 candidate under the current leakage or target policy.,Excluded from candidate modeling review.,,Not applicable.,"Excluded from AO2 predictors because it is the target, duplicate profit, realized margin, or direct profit proxy.","Exclude from AO2 predictors as target, duplicate profit, or realized profit proxy.",False,target_or_proxy_excluded,True,Realized profit ratio can reconstruct or approximate AO2 target when combined with order value.,"Use only for descriptive historical margin audit, never as main AO2 predictor."
Order Item Quantity,Order_Item_Quantity,raw_dataco,categorical_numeric,allowed,deferred_to_gold,requires_group_review,commercial_formula_review_required,Categorical: 5 groups; 5 met support. Strongest supported group '2' had mean profit $12.24 (-9.74 vs overall).,Highest supported mean: '5' $29.95; lowest: '2' $12.24.,-9.7362,Minimum support 903; 0 groups below threshold.,Commercial or order-value field; not approved for AO2 modeling without group validation of target-reconstruction risk.,Prepare for group validation; do not approve as an AO2 modeling predictor in this issue.,True,conditional_requires_group_review,True,Item quantity is order composition information expected to be known at order creation.,"Can be used directly as a numeric predictor after validation; if included in AO2 with price, discount, or order-value fields, document the final commercial feature set."
Sales,Sales,raw_dataco,numeric,conditional,needs_group_review,requires_group_review,commercial_formula_review_required,"Numeric: 5 supported quantile bins; missing rate 0.0%. Strongest supported bin (299.98, 1999.99] had mean profit $46.27 (+24.29 vs overall).","mean profit increases across supported bins; highest supported bin (299.98, 1999.99] $46.27; lowest bin (9.989, 100.0] $7.41.",24.2917,Minimum support 903; missing rate 0.0%.,Commercial or order-value field; not approved for AO2 modeling without group validation of target-reconstruction risk.,Prepare for group validation; do not approve as an AO2 modeling predictor in this issue.,True,conditional_requires_group_review,True,Gross sales is order-value information but may be mechanically tied to price and quantity.,Allowed only with documented AO2 financial predictor policy; avoid redundant value fields.
Order Item Total,Order_Item_Total,raw_dataco,numeric,conditional,needs_group_review,requires_group_review,commercial_formula_review_required,"Numeric: 5 supported quantile bins; missing rate 0.0%. Strongest supported bin (272.98, 1939.99] had mean profit $42.81 (+20.83 vs overall).","mean profit increases across supported bins; highest supported bin (272.98, 1939.99] $42.81; lowest bin (7.489, 94.5] $6.89.",20.8311,Minimum support 903; missing rate 0.0%.,Commercial or order-value field; not approved for AO2 modeling without group validation of target-reconstruction risk.,Prepare for group validation; do not approve as an AO2 modeling predictor in this issue.,True,conditional_requires_group_review,True,Discounted item/order value is expected to be known at order time and is recommended as AO3 denominator.,Conditionally allowed for AO2/AO3 with documented financial predictor policy.
Order Profit Per Order,Order_Profit_Per_Order,raw_dataco,numeric,target,approved,target_or_proxy,high_target_or_profit_proxy,Not analyzed as an AO2 candidate under the current leakage or target policy.,Excluded from candidate modeling review.,,Not applicable.,"Excluded from AO2 predictors because it is the target, duplicate profit, realized margin, or direct profit proxy.","Exclude from AO2 predictors as target, duplicate profit, or realized profit proxy.",False,target_or_proxy_excluded,True,This is the official AO2 target and must not be used as an AO2 predictor.,"Use as AO2 target only; exclude from AO1, AO2, and dashboard predictor feature matrices."
Order Region,Order_Region,raw_dataco,categorical,allowed,deferred_to_gold,yes,low_known_direct_risk,Categorical: 23 groups; 22 met support. Strongest supported group 'Southern Africa' had mean profit $26.64 (+4.67 vs overall).,Highest supported mean: 'Southern Africa' $26.64; lowest: 'West Asia' $19.77.,4.6681,Minimum support 903; 1 groups below threshold.,AO2 allowed by conceptual screening; still subject to Gold/modeling review.,Candidate for later AO2 Gold/modeling review; do not infer causality or final feature approval.,False,candidate_for_gold_review,False,Order destination region is expected to be known before dispatch and has clear business meaning.,Can be normalized and encoded inside train-only preprocessing.
Order State,Order_State,raw_dataco,categorical,allowed,deferred_to_gold,yes,low_known_direct_risk,Skipped direct category ranking: 1089 distinct values exceeds the focused EDA limit of 75.,High-cardinality field; review grouping before modeling.,,High-cardinality direct use not reviewed; minimum support was 903.,AO2 allowed by conceptual screening; still subject to Gold/modeling review.,Candidate for later AO2 Gold/modeling review; do not infer causality or final feature approval.,False,candidate_for_gold_review,False,Order destination state is expected to be known before dispatch and supports regional analysis.,Can be normalized or grouped before train-only encoding.
Order Status,Order_Status,raw_dataco,categorical,forbidden,excluded,no,post_outcome_or_leakage_risk,Not analyzed as an AO2 candidate under the current leakage or target policy.,Excluded from candidate modeling review.,,Not applicable.,Excluded from AO2 modeling; retained only for descriptive audit or dashboard context.,"Use only for descriptive audit, dashboard, or governance context.",False,dashboard_only,False,"Order status may encode cancellation, fraud, payment review, or fulfillment outcomes after order creation.",Use only for descriptive analysis or AO1 population sensitivity decisions.
Order Zipcode,Order_Zipcode,raw_dataco,numeric,conditional,needs_group_review,requires_group_review,policy_or_stability_review_required,Direct bivariate ranking skipped for this review-sensitive field.,Granular location field; use only approved coarse grouping or availability flags.,,Requires approved grouping or train-only aggregate design before modeling.,"Decision-time plausible, but not approved for AO2 modeling without group validation.",Prepare for group validation; do not approve as an AO2 modeling predictor in this issue.,True,conditional_requires_group_review,False,Order postal code may be known before dispatch but has high missingness and granular geography.,Prefer availability flags or coarse geographic grouping; avoid raw zip as direct feature.
Product Card Id,Product_Card_Id,raw_dataco,numeric,conditional,needs_group_review,requires_group_review,policy_or_stability_review_required,Direct bivariate ranking skipped for this review-sensitive field.,Identifier or numeric key; direct bivariate ranking is not a modeling signal.,,Requires approved grouping or train-only aggregate design before modeling.,"Decision-time plausible, but not approved for AO2 modeling without group validation.",Prepare for group validation; do not approve as an AO2 modeling predictor in this issue.,True,conditional_requires_group_review,False,Product code is known at order time but may be high-cardinality.,Use only after product grouping or train-only encoding review.
Product Category Id,Product_Category_Id,raw_dataco,numeric,conditional,needs_group_review,requires_group_review,policy_or_stability_review_required,Direct bivariate ranking skipped for this review-sensitive field.,Identifier or numeric key; direct bivariate ranking is not a modeling signal.,,Requires approved grouping or train-only aggregate design before modeling.,"Decision-time plausible, but not approved for AO2 modeling without group validation.",Prepare for group validation; do not approve as an AO2 modeling predictor in this issue.,True,conditional_requires_group_review,False,Product category code is known at order time but may duplicate Category Id.,Use one category representation and document the choice.
Product Description,Product_Description,raw_dataco,empty,forbidden,excluded,no,low_known_direct_risk,Not analyzed as an AO2 candidate under the current leakage or target policy.,Excluded from candidate modeling review.,,Not applicable.,Excluded from AO2 modeling by leakage screening.,Exclude from AO2 predictor lists.,False,exclude_from_ao2_modeling,False,Product description is empty in the reviewed dataset and not useful for structured modeling.,Exclude from modeling; descriptive metadata only if populated in future data.
Product Image,Product_Image,raw_dataco,categorical,forbidden,excluded,no,low_known_direct_risk,Not analyzed as an AO2 candidate under the current leakage or target policy.,Excluded from candidate modeling review.,,Not applicable.,Excluded from AO2 modeling; retained only for descriptive audit or dashboard context.,"Use only for descriptive audit, dashboard, or governance context.",False,dashboard_only,False,Product image URL/text asset is not part of the structured pre-shipment model.,Use only for dashboard or catalog display if needed.
Product Name,Product_Name,raw_dataco,categorical,conditional,needs_group_review,requires_group_review,policy_or_stability_review_required,Skipped direct category ranking: 118 distinct values exceeds the focused EDA limit of 75.,High-cardinality field; review grouping before modeling.,,High-cardinality direct use not reviewed; minimum support was 903.,"Decision-time plausible, but not approved for AO2 modeling without group validation.",Prepare for group validation; do not approve as an AO2 modeling predictor in this issue.,True,conditional_requires_group_review,False,Product name is known at order time but may be high-cardinality.,Use normalized product name only after grouping or train-only encoding review.
Product Price,Product_Price,raw_dataco,numeric,conditional,needs_group_review,requires_group_review,commercial_formula_review_required,"Numeric: 5 supported quantile bins; missing rate 0.0%. Strongest supported bin (215.82, 1999.99] had mean profit $39.99 (+18.01 vs overall).","mean profit increases across supported bins; highest supported bin (215.82, 1999.99] $39.99; lowest bin (9.989, 49.98] $12.76.",18.0134,Minimum support 903; missing rate 0.0%.,Commercial or order-value field; not approved for AO2 modeling without group validation of target-reconstruction risk.,Prepare for group validation; do not approve as an AO2 modeling predictor in this issue.,True,conditional_requires_group_review,True,Product list price is expected to be known at order time but may duplicate Order Item Product Price.,Prefer one price field only; document AO2 financial predictor selection.
Product Status,Product_Status,raw_dataco,categorical_numeric,conditional,needs_group_review,requires_group_review,policy_or_stability_review_required,Categorical: 1 groups; 1 met support. Strongest supported group '0' had mean profit $21.97 (+0.00 vs overall).,Highest supported mean: '0' $21.97; lowest: '0' $21.97.,0.0,Minimum support 903; 0 groups below threshold.,"Decision-time plausible, but not approved for AO2 modeling without group validation.",Prepare for group validation; do not approve as an AO2 modeling predictor in this issue.,True,conditional_requires_group_review,False,Product stock/status indicator is expected to be known before dispatch but source semantics should be preserved cautiously.,Use neutral feature naming and document interpretation before modeling.
shipping date (DateOrders),shipping_date_DateOrders,raw_dataco,categorical,forbidden,excluded,no,post_outcome_or_leakage_risk,Not analyzed as an AO2 candidate under the current leakage or target policy.,Excluded from candidate modeling review.,,Not applicable.,Excluded from AO2 modeling; retained only for descriptive audit or dashboard context.,"Use only for descriptive audit, dashboard, or governance context.",False,dashboard_only,False,Shipment timestamp is known after order creation and may encode fulfillment timing.,"Use only for operational reporting and outcome audit, not predictive features."
Shipping Mode,Shipping_Mode,raw_dataco,categorical,allowed,deferred_to_gold,yes,low_known_direct_risk,Categorical: 4 groups; 4 met support. Strongest supported group 'First Class' had mean profit $23.12 (+1.15 vs overall).,Highest supported mean: 'First Class' $23.12; lowest: 'Same Day' $20.85.,1.1472,Minimum support 903; 0 groups below threshold.,AO2 allowed by conceptual screening; still subject to Gold/modeling review.,Candidate for later AO2 Gold/modeling review; do not infer causality or final feature approval.,False,candidate_for_gold_review,False,Shipping mode is selected/planned before dispatch and has clear operational meaning.,Can support shipping mode and speed-tier features.
order_year,order_year,order_time_engineered,categorical_numeric,allowed,deferred_to_gold,yes,low_known_direct_risk,Categorical: 4 groups; 4 met support. Strongest supported group '2018' had mean profit $15.94 (-6.03 vs overall).,Highest supported mean: '2017' $24.51; lowest: '2018' $15.94.,-6.0344,Minimum support 903; 0 groups below threshold.,AO2 allowed by conceptual screening; still subject to Gold/modeling review.,Candidate for later AO2 Gold/modeling review; do not infer causality or final feature approval.,False,candidate_for_gold_review,False,"Deterministic calendar feature derived only from order_date_DateOrders, which is known at order creation.",Confirm final inclusion in Gold feature lists; fit any downstream model preprocessing on training data only.
order_quarter,order_quarter,order_time_engineered,categorical_numeric,allowed,deferred_to_gold,yes,low_known_direct_risk,Categorical: 4 groups; 4 met support. Strongest supported group '4' had mean profit $23.42 (+1.45 vs overall).,Highest supported mean: '4' $23.42; lowest: '1' $20.69.,1.4486,Minimum support 903; 0 groups below threshold.,AO2 allowed by conceptual screening; still subject to Gold/modeling review.,Candidate for later AO2 Gold/modeling review; do not infer causality or final feature approval.,False,candidate_for_gold_review,False,"Deterministic calendar feature derived only from order_date_DateOrders, which is known at order creation.",Confirm final inclusion in Gold feature lists; fit any downstream model preprocessing on training data only.
order_month,order_month,order_time_engineered,categorical_numeric,allowed,deferred_to_gold,yes,low_known_direct_risk,Categorical: 12 groups; 12 met support. Strongest supported group '10' had mean profit $25.63 (+3.65 vs overall).,Highest supported mean: '10' $25.63; lowest: '1' $20.42.,3.6512,Minimum support 903; 0 groups below threshold.,AO2 allowed by conceptual screening; still subject to Gold/modeling review.,Candidate for later AO2 Gold/modeling review; do not infer causality or final feature approval.,False,candidate_for_gold_review,False,"Deterministic calendar feature derived only from order_date_DateOrders, which is known at order creation.",Confirm final inclusion in Gold feature lists; fit any downstream model preprocessing on training data only.
order_week_of_year,order_week_of_year,order_time_engineered,numeric,allowed,deferred_to_gold,yes,low_known_direct_risk,"Numeric: 5 supported quantile bins; missing rate 0.0%. Strongest supported bin (40.0, 53.0] had mean profit $23.94 (+1.96 vs overall).","mean profit increases across supported bins; highest supported bin (40.0, 53.0] $23.94; lowest bin (0.999, 10.0] $20.41.",1.9601,Minimum support 903; missing rate 0.0%.,AO2 allowed by conceptual screening; still subject to Gold/modeling review.,Candidate for later AO2 Gold/modeling review; do not infer causality or final feature approval.,False,candidate_for_gold_review,False,"Deterministic calendar feature derived only from order_date_DateOrders, which is known at order creation.",Confirm final inclusion in Gold feature lists; fit any downstream model preprocessing on training data only.
order_day_of_month,order_day_of_month,order_time_engineered,numeric,allowed,deferred_to_gold,yes,low_known_direct_risk,"Numeric: 5 supported quantile bins; missing rate 0.0%. Strongest supported bin (7.0, 13.0] had mean profit $20.96 (-1.02 vs overall).","nonlinear or uneven bin pattern; highest supported bin (19.0, 25.0] $22.91; lowest bin (7.0, 13.0] $20.96.",-1.0175,Minimum support 903; missing rate 0.0%.,AO2 allowed by conceptual screening; still subject to Gold/modeling review.,Candidate for later AO2 Gold/modeling review; do not infer causality or final feature approval.,False,candidate_for_gold_review,False,"Deterministic calendar feature derived only from order_date_DateOrders, which is known at order creation.",Confirm final inclusion in Gold feature lists; fit any downstream model preprocessing on training data only.
order_day_of_week,order_day_of_week,order_time_engineered,categorical_numeric,allowed,deferred_to_gold,yes,low_known_direct_risk,Categorical: 7 groups; 7 met support. Strongest supported group '2' had mean profit $23.75 (+1.77 vs overall).,Highest supported mean: '2' $23.75; lowest: '5' $20.23.,1.7717,Minimum support 903; 0 groups below threshold.,AO2 allowed by conceptual screening; still subject to Gold/modeling review.,Candidate for later AO2 Gold/modeling review; do not infer causality or final feature approval.,False,candidate_for_gold_review,False,"Deterministic calendar feature derived only from order_date_DateOrders, which is known at order creation.",Confirm final inclusion in Gold feature lists; fit any downstream model preprocessing on training data only.
order_hour,order_hour,order_time_engineered,numeric,allowed,deferred_to_gold,yes,low_known_direct_risk,"Numeric: 5 supported quantile bins; missing rate 0.0%. Strongest supported bin (14.0, 19.0] had mean profit $21.57 (-0.40 vs overall).","nonlinear or uneven bin pattern; highest supported bin (9.0, 14.0] $22.27; lowest bin (14.0, 19.0] $21.57.",-0.4032,Minimum support 903; missing rate 0.0%.,AO2 allowed by conceptual screening; still subject to Gold/modeling review.,Candidate for later AO2 Gold/modeling review; do not infer causality or final feature approval.,False,candidate_for_gold_review,False,"Deterministic calendar feature derived only from order_date_DateOrders, which is known at order creation.",Confirm final inclusion in Gold feature lists; fit any downstream model preprocessing on training data only.
order_is_weekend,order_is_weekend,order_time_engineered,categorical_numeric,allowed,deferred_to_gold,yes,low_known_direct_risk,Categorical: 2 groups; 2 met support. Strongest supported group '1' had mean profit $22.77 (+0.79 vs overall).,Highest supported mean: '1' $22.77; lowest: '0' $21.66.,0.7901,Minimum support 903; 0 groups below threshold.,AO2 allowed by conceptual screening; still subject to Gold/modeling review.,Candidate for later AO2 Gold/modeling review; do not infer causality or final feature approval.,False,candidate_for_gold_review,False,"Deterministic calendar feature derived only from order_date_DateOrders, which is known at order creation.",Confirm final inclusion in Gold feature lists; fit any downstream model preprocessing on training data only.
order_season,order_season,order_time_engineered,categorical,allowed,deferred_to_gold,yes,low_known_direct_risk,Categorical: 4 groups; 4 met support. Strongest supported group 'fall' had mean profit $23.77 (+1.79 vs overall).,Highest supported mean: 'fall' $23.77; lowest: 'winter' $20.98.,1.7906,Minimum support 903; 0 groups below threshold.,AO2 allowed by conceptual screening; still subject to Gold/modeling review.,Candidate for later AO2 Gold/modeling review; do not infer causality or final feature approval.,False,candidate_for_gold_review,False,"Deterministic calendar feature derived only from order_date_DateOrders, which is known at order creation.",Confirm final inclusion in Gold feature lists; fit any downstream model preprocessing on training data only.
_order_time_features_processed_timestamp,,order_time_engineered,unavailable,not_applicable,excluded,not_applicable,low_known_direct_risk,Not analyzed as an AO2 candidate under the current leakage or target policy.,Excluded from candidate modeling review.,,Not applicable.,Processing metadata or non-business field; not a modeling predictor.,Use only as descriptive context unless policy changes.,False,descriptive_context_only,False,"Pipeline processing timestamp used for lineage, not business prediction.",Retain only for audit lineage; exclude from AO1 and AO2 predictor matrices.
scheduled_shipping_days,scheduled_shipping_days,shipping_product_engineered,categorical_numeric,allowed,deferred_to_gold,yes,low_known_direct_risk,Categorical: 4 groups; 4 met support. Strongest supported group '1' had mean profit $23.12 (+1.15 vs overall).,Highest supported mean: '1' $23.12; lowest: '0' $20.85.,1.1472,Minimum support 903; 0 groups below threshold.,AO2 allowed by conceptual screening; still subject to Gold/modeling review.,Candidate for later AO2 Gold/modeling review; do not infer causality or final feature approval.,False,candidate_for_gold_review,False,"Derived from planned shipping, category, or department fields expected before dispatch.",Confirm final Gold selection and avoid duplicate raw/category representations in the same model matrix.
shipping_speed_tier,shipping_speed_tier,shipping_product_engineered,categorical,allowed,deferred_to_gold,yes,low_known_direct_risk,Categorical: 3 groups; 3 met support. Strongest supported group 'standard' had mean profit $21.31 (-0.67 vs overall).,Highest supported mean: 'expedited' $22.53; lowest: 'standard' $21.31.,-0.6691,Minimum support 903; 0 groups below threshold.,AO2 allowed by conceptual screening; still subject to Gold/modeling review.,Candidate for later AO2 Gold/modeling review; do not infer causality or final feature approval.,False,candidate_for_gold_review,False,"Derived from planned shipping, category, or department fields expected before dispatch.",Confirm final Gold selection and avoid duplicate raw/category representations in the same model matrix.
shipping_mode_normalized,shipping_mode_normalized,shipping_product_engineered,categorical,allowed,deferred_to_gold,yes,low_known_direct_risk,Categorical: 4 groups; 4 met support. Strongest supported group 'first_class' had mean profit $23.12 (+1.15 vs overall).,Highest supported mean: 'first_class' $23.12; lowest: 'same_day' $20.85.,1.1472,Minimum support 903; 0 groups below threshold.,AO2 allowed by conceptual screening; still subject to Gold/modeling review.,Candidate for later AO2 Gold/modeling review; do not infer causality or final feature approval.,False,candidate_for_gold_review,False,"Derived from planned shipping, category, or department fields expected before dispatch.",Confirm final Gold selection and avoid duplicate raw/category representations in the same model matrix.
is_same_day_or_next_day_shipping,is_same_day_or_next_day_shipping,shipping_product_engineered,categorical_numeric,allowed,deferred_to_gold,yes,low_known_direct_risk,Categorical: 2 groups; 2 met support. Strongest supported group '1' had mean profit $22.53 (+0.56 vs overall).,Highest supported mean: '1' $22.53; lowest: '0' $21.83.,0.5581,Minimum support 903; 0 groups below threshold.,AO2 allowed by conceptual screening; still subject to Gold/modeling review.,Candidate for later AO2 Gold/modeling review; do not infer causality or final feature approval.,False,candidate_for_gold_review,False,"Derived from planned shipping, category, or department fields expected before dispatch.",Confirm final Gold selection and avoid duplicate raw/category representations in the same model matrix.
is_standard_shipping,is_standard_shipping,shipping_product_engineered,categorical_numeric,allowed,deferred_to_gold,yes,low_known_direct_risk,Categorical: 2 groups; 2 met support. Strongest supported group '0' had mean profit $21.94 (-0.04 vs overall).,Highest supported mean: '1' $22.00; lowest: '0' $21.94.,-0.0358,Minimum support 903; 0 groups below threshold.,AO2 allowed by conceptual screening; still subject to Gold/modeling review.,Candidate for later AO2 Gold/modeling review; do not infer causality or final feature approval.,False,candidate_for_gold_review,False,"Derived from planned shipping, category, or department fields expected before dispatch.",Confirm final Gold selection and avoid duplicate raw/category representations in the same model matrix.
product_category_key,product_category_key,shipping_product_engineered,categorical,allowed,deferred_to_gold,yes,low_known_direct_risk,Categorical: 51 groups; 16 met support. Strongest supported group '45_fishing' had mean profit $43.65 (+21.67 vs overall).,Highest supported mean: '45_fishing' $43.65; lowest: '36_golf_balls' $5.66.,21.6741,Minimum support 903; 35 groups below threshold.,AO2 allowed by conceptual screening; still subject to Gold/modeling review.,Candidate for later AO2 Gold/modeling review; do not infer causality or final feature approval.,False,candidate_for_gold_review,False,"Derived from planned shipping, category, or department fields expected before dispatch.",Confirm final Gold selection and avoid duplicate raw/category representations in the same model matrix.
product_department_key,product_department_key,shipping_product_engineered,categorical,allowed,deferred_to_gold,yes,low_known_direct_risk,Categorical: 11 groups; 8 met support. Strongest supported group '10_technology' had mean profit $77.25 (+55.27 vs overall).,Highest supported mean: '10_technology' $77.25; lowest: '9_discs_shop' $11.94.,55.2742,Minimum support 903; 3 groups below threshold.,AO2 allowed by conceptual screening; still subject to Gold/modeling review.,Candidate for later AO2 Gold/modeling review; do not infer causality or final feature approval.,False,candidate_for_gold_review,False,"Derived from planned shipping, category, or department fields expected before dispatch.",Confirm final Gold selection and avoid duplicate raw/category representations in the same model matrix.
product_catalog_key,product_catalog_key,shipping_product_engineered,categorical,conditional,needs_group_review,requires_group_review,policy_or_stability_review_required,Direct bivariate ranking skipped for this review-sensitive field.,High-cardinality descriptor; grouping or train-only aggregate design is needed first.,,Requires approved grouping or train-only aggregate design before modeling.,"Decision-time plausible, but not approved for AO2 modeling without group validation.",Prepare for group validation; do not approve as an AO2 modeling predictor in this issue.,True,conditional_requires_group_review,False,Product catalog composition key may be high-cardinality and should not be blindly encoded.,"Review cardinality, stability, and business interpretation before any AO1 or AO2 modeling use."
product_name_normalized,product_name_normalized,shipping_product_engineered,categorical,conditional,needs_group_review,requires_group_review,policy_or_stability_review_required,Direct bivariate ranking skipped for this review-sensitive field.,High-cardinality descriptor; grouping or train-only aggregate design is needed first.,,Requires approved grouping or train-only aggregate design before modeling.,"Decision-time plausible, but not approved for AO2 modeling without group validation.",Prepare for group validation; do not approve as an AO2 modeling predictor in this issue.,True,conditional_requires_group_review,False,Normalized product name may be high-cardinality and unstable across catalog changes.,"Review cardinality, stability, and business interpretation before any AO1 or AO2 modeling use."
product_status_flag,product_status_flag,shipping_product_engineered,categorical_numeric,conditional,needs_group_review,requires_group_review,policy_or_stability_review_required,Categorical: 1 groups; 1 met support. Strongest supported group '0' had mean profit $21.97 (+0.00 vs overall).,Highest supported mean: '0' $21.97; lowest: '0' $21.97.,0.0,Minimum support 903; 0 groups below threshold.,"Decision-time plausible, but not approved for AO2 modeling without group validation.",Prepare for group validation; do not approve as an AO2 modeling predictor in this issue.,True,conditional_requires_group_review,False,Product status source semantics require group confirmation before predictive use.,"Review cardinality, stability, and business interpretation before any AO1 or AO2 modeling use."
product_list_price,product_list_price,shipping_product_engineered,numeric,conditional,needs_group_review,requires_group_review,commercial_formula_review_required,"Numeric: 5 supported quantile bins; missing rate 0.0%. Strongest supported bin (215.82, 1999.99] had mean profit $39.99 (+18.01 vs overall).","mean profit increases across supported bins; highest supported bin (215.82, 1999.99] $39.99; lowest bin (9.989, 49.98] $12.76.",18.0134,Minimum support 903; missing rate 0.0%.,Commercial or order-value field; not approved for AO2 modeling without group validation of target-reconstruction risk.,Prepare for group validation; do not approve as an AO2 modeling predictor in this issue.,True,conditional_requires_group_review,True,Product list price is order-time commercial information but may duplicate item_unit_price source fields.,Document selected AO2 financial predictors and avoid duplicate value fields or profit target reconstruction.
order_item_quantity,order_item_quantity,shipping_product_engineered,categorical_numeric,conditional,needs_group_review,requires_group_review,commercial_formula_review_required,Categorical: 5 groups; 5 met support. Strongest supported group '2' had mean profit $12.24 (-9.74 vs overall).,Highest supported mean: '5' $29.95; lowest: '2' $12.24.,-9.7362,Minimum support 903; 0 groups below threshold.,Commercial or order-value field; not approved for AO2 modeling without group validation of target-reconstruction risk.,Prepare for group validation; do not approve as an AO2 modeling predictor in this issue.,True,conditional_requires_group_review,True,"This engineered quantity is decision-time valid, but it is reviewed with the AO2 commercial feature family to avoid an uncontrolled financial/order-composition predictor set.","Document whether AO2 uses this quantity alone, with selected price/discount fields, or excludes it from the main profitability model."
item_unit_price,item_unit_price,shipping_product_engineered,numeric,conditional,needs_group_review,requires_group_review,commercial_formula_review_required,"Numeric: 5 supported quantile bins; missing rate 0.0%. Strongest supported bin (215.82, 1999.99] had mean profit $39.99 (+18.01 vs overall).","mean profit increases across supported bins; highest supported bin (215.82, 1999.99] $39.99; lowest bin (9.989, 49.98] $12.76.",18.0134,Minimum support 903; missing rate 0.0%.,Commercial or order-value field; not approved for AO2 modeling without group validation of target-reconstruction risk.,Prepare for group validation; do not approve as an AO2 modeling predictor in this issue.,True,conditional_requires_group_review,True,Item unit price is order-time commercial information but may duplicate product_list_price source fields.,Document selected AO2 financial predictors and avoid duplicate value fields or profit target reconstruction.
item_discount_amount,item_discount_amount,shipping_product_engineered,numeric,conditional,needs_group_review,requires_group_review,commercial_formula_review_required,"Numeric: 5 supported quantile bins; missing rate 0.0%. Strongest supported bin (34.0, 500.0] had mean profit $32.49 (+10.51 vs overall).","nonlinear or uneven bin pattern; highest supported bin (34.0, 500.0] $32.49; lowest bin (4.0, 10.0] $16.44.",10.5119,Minimum support 903; missing rate 0.0%.,Commercial or order-value field; not approved for AO2 modeling without group validation of target-reconstruction risk.,Prepare for group validation; do not approve as an AO2 modeling predictor in this issue.,True,conditional_requires_group_review,True,Discount amount is expected at order time but requires AO2 target-reconstruction and redundancy review.,Document selected AO2 financial predictors and avoid duplicate value fields or profit target reconstruction.
item_discount_rate,item_discount_rate,shipping_product_engineered,numeric,conditional,needs_group_review,requires_group_review,commercial_formula_review_required,"Numeric: 5 supported quantile bins; missing rate 0.0%. Strongest supported bin (0.17, 0.25] had mean profit $19.03 (-2.94 vs overall).","mean profit decreases across supported bins; highest supported bin (-0.001, 0.03] $24.08; lowest bin (0.17, 0.25] $19.03.",-2.9424,Minimum support 903; missing rate 0.0%.,Commercial or order-value field; not approved for AO2 modeling without group validation of target-reconstruction risk.,Prepare for group validation; do not approve as an AO2 modeling predictor in this issue.,True,conditional_requires_group_review,True,Discount rate is expected at order time but requires AO2 target-reconstruction and redundancy review.,Document selected AO2 financial predictors and avoid duplicate value fields or profit target reconstruction.
item_gross_sales_estimate,item_gross_sales_estimate,shipping_product_engineered,numeric,conditional,needs_group_review,requires_group_review,commercial_formula_review_required,"Numeric: 5 supported quantile bins; missing rate 0.0%. Strongest supported bin (299.98, 1999.99] had mean profit $46.27 (+24.29 vs overall).","mean profit increases across supported bins; highest supported bin (299.98, 1999.99] $46.27; lowest bin (9.989, 100.0] $7.41.",24.2917,Minimum support 903; missing rate 0.0%.,Commercial or order-value field; not approved for AO2 modeling without group validation of target-reconstruction risk.,Prepare for group validation; do not approve as an AO2 modeling predictor in this issue.,True,conditional_requires_group_review,True,Gross value estimate is derived from price and quantity and may duplicate Sales-like value fields.,Document selected AO2 financial predictors and avoid duplicate value fields or profit target reconstruction.
item_net_sales_amount,item_net_sales_amount,shipping_product_engineered,numeric,conditional,needs_group_review,requires_group_review,commercial_formula_review_required,"Numeric: 5 supported quantile bins; missing rate 0.0%. Strongest supported bin (272.98, 1939.99] had mean profit $42.81 (+20.83 vs overall).","mean profit increases across supported bins; highest supported bin (272.98, 1939.99] $42.81; lowest bin (7.489, 94.5] $6.89.",20.8311,Minimum support 903; missing rate 0.0%.,Commercial or order-value field; not approved for AO2 modeling without group validation of target-reconstruction risk.,Prepare for group validation; do not approve as an AO2 modeling predictor in this issue.,True,conditional_requires_group_review,True,Net sales amount comes from Order Item Total and is recommended as AO3 denominator but must be reviewed for AO2 use.,Document selected AO2 financial predictors and avoid duplicate value fields or profit target reconstruction.
item_discount_share_of_gross,item_discount_share_of_gross,shipping_product_engineered,numeric,conditional,needs_group_review,requires_group_review,commercial_formula_review_required,"Numeric: 5 supported quantile bins; missing rate 0.0%. Strongest supported bin (0.17, 0.25] had mean profit $18.97 (-3.01 vs overall).","mean profit decreases across supported bins; highest supported bin (-0.001, 0.03] $24.78; lowest bin (0.17, 0.25] $18.97.",-3.0072,Minimum support 903; missing rate 0.0%.,Commercial or order-value field; not approved for AO2 modeling without group validation of target-reconstruction risk.,Prepare for group validation; do not approve as an AO2 modeling predictor in this issue.,True,conditional_requires_group_review,True,Discount share is derived from order value components and should be reviewed before AO2 modeling.,Document selected AO2 financial predictors and avoid duplicate value fields or profit target reconstruction.
_shipping_product_features_processed_timestamp,,shipping_product_engineered,unavailable,not_applicable,excluded,not_applicable,low_known_direct_risk,Not analyzed as an AO2 candidate under the current leakage or target policy.,Excluded from candidate modeling review.,,Not applicable.,Processing metadata or non-business field; not a modeling predictor.,Use only as descriptive context unless policy changes.,False,descriptive_context_only,False,"Pipeline processing timestamp used for lineage, not business prediction.",Retain only for audit lineage; exclude from AO1 and AO2 predictor matrices.
customer_segment_normalized,customer_segment_normalized,customer_regional_engineered,categorical,allowed,deferred_to_gold,yes,low_known_direct_risk,Categorical: 3 groups; 3 met support. Strongest supported group 'home_office' had mean profit $21.44 (-0.54 vs overall).,Highest supported mean: 'consumer' $22.18; lowest: 'home_office' $21.44.,-0.5376,Minimum support 903; 0 groups below threshold.,AO2 allowed by conceptual screening; still subject to Gold/modeling review.,Candidate for later AO2 Gold/modeling review; do not infer causality or final feature approval.,False,candidate_for_gold_review,False,"Derived from customer segment, coarse geography, or availability flags expected at order creation.",Confirm final Gold selection and fit any learned categorical handling on training data only.
customer_country_normalized,customer_country_normalized,customer_regional_engineered,categorical,allowed,deferred_to_gold,yes,low_known_direct_risk,Categorical: 2 groups; 2 met support. Strongest supported group 'puerto_rico' had mean profit $21.82 (-0.16 vs overall).,Highest supported mean: 'ee_uu' $22.07; lowest: 'puerto_rico' $21.82.,-0.1599,Minimum support 903; 0 groups below threshold.,AO2 allowed by conceptual screening; still subject to Gold/modeling review.,Candidate for later AO2 Gold/modeling review; do not infer causality or final feature approval.,False,candidate_for_gold_review,False,"Derived from customer segment, coarse geography, or availability flags expected at order creation.",Confirm final Gold selection and fit any learned categorical handling on training data only.
customer_state_normalized,customer_state_normalized,customer_regional_engineered,categorical,allowed,deferred_to_gold,yes,low_known_direct_risk,Categorical: 46 groups; 27 met support. Strongest supported group 'nm' had mean profit $28.12 (+6.14 vs overall).,Highest supported mean: 'nm' $28.12; lowest: 'la' $18.11.,6.1444,Minimum support 903; 19 groups below threshold.,AO2 allowed by conceptual screening; still subject to Gold/modeling review.,Candidate for later AO2 Gold/modeling review; do not infer causality or final feature approval.,False,candidate_for_gold_review,False,"Derived from customer segment, coarse geography, or availability flags expected at order creation.",Confirm final Gold selection and fit any learned categorical handling on training data only.
customer_zipcode_available,customer_zipcode_available,customer_regional_engineered,categorical_numeric,allowed,deferred_to_gold,yes,low_known_direct_risk,Direct bivariate ranking skipped for this review-sensitive field.,Granular location field; use only approved coarse grouping or availability flags.,,Requires approved grouping or train-only aggregate design before modeling.,AO2 allowed by conceptual screening; still subject to Gold/modeling review.,Candidate for later AO2 Gold/modeling review; do not infer causality or final feature approval.,False,candidate_for_gold_review,False,"Derived from customer segment, coarse geography, or availability flags expected at order creation.",Confirm final Gold selection and fit any learned categorical handling on training data only.
market_normalized,market_normalized,customer_regional_engineered,categorical,allowed,deferred_to_gold,yes,low_known_direct_risk,Categorical: 5 groups; 5 met support. Strongest supported group 'europe' had mean profit $23.27 (+1.30 vs overall).,Highest supported mean: 'europe' $23.27; lowest: 'pacific_asia' $20.79.,1.2966,Minimum support 903; 0 groups below threshold.,AO2 allowed by conceptual screening; still subject to Gold/modeling review.,Candidate for later AO2 Gold/modeling review; do not infer causality or final feature approval.,False,candidate_for_gold_review,False,"Derived from customer segment, coarse geography, or availability flags expected at order creation.",Confirm final Gold selection and fit any learned categorical handling on training data only.
order_country_normalized,order_country_normalized,customer_regional_engineered,categorical,allowed,deferred_to_gold,yes,low_known_direct_risk,Skipped direct category ranking: 164 distinct values exceeds the focused EDA limit of 75.,High-cardinality field; review grouping before modeling.,,High-cardinality direct use not reviewed; minimum support was 903.,AO2 allowed by conceptual screening; still subject to Gold/modeling review.,Candidate for later AO2 Gold/modeling review; do not infer causality or final feature approval.,False,candidate_for_gold_review,False,"Derived from customer segment, coarse geography, or availability flags expected at order creation.",Confirm final Gold selection and fit any learned categorical handling on training data only.
order_region_normalized,order_region_normalized,customer_regional_engineered,categorical,allowed,deferred_to_gold,yes,low_known_direct_risk,Categorical: 23 groups; 22 met support. Strongest supported group 'southern_africa' had mean profit $26.64 (+4.67 vs overall).,Highest supported mean: 'southern_africa' $26.64; lowest: 'west_asia' $19.77.,4.6681,Minimum support 903; 1 groups below threshold.,AO2 allowed by conceptual screening; still subject to Gold/modeling review.,Candidate for later AO2 Gold/modeling review; do not infer causality or final feature approval.,False,candidate_for_gold_review,False,"Derived from customer segment, coarse geography, or availability flags expected at order creation.",Confirm final Gold selection and fit any learned categorical handling on training data only.
order_state_normalized,order_state_normalized,customer_regional_engineered,categorical,allowed,deferred_to_gold,yes,low_known_direct_risk,Skipped direct category ranking: 1089 distinct values exceeds the focused EDA limit of 75.,High-cardinality field; review grouping before modeling.,,High-cardinality direct use not reviewed; minimum support was 903.,AO2 allowed by conceptual screening; still subject to Gold/modeling review.,Candidate for later AO2 Gold/modeling review; do not infer causality or final feature approval.,False,candidate_for_gold_review,False,"Derived from customer segment, coarse geography, or availability flags expected at order creation.",Confirm final Gold selection and fit any learned categorical handling on training data only.
order_zipcode_available,order_zipcode_available,customer_regional_engineered,categorical_numeric,allowed,deferred_to_gold,yes,low_known_direct_risk,Direct bivariate ranking skipped for this review-sensitive field.,Granular location field; use only approved coarse grouping or availability flags.,,Requires approved grouping or train-only aggregate design before modeling.,AO2 allowed by conceptual screening; still subject to Gold/modeling review.,Candidate for later AO2 Gold/modeling review; do not infer causality or final feature approval.,False,candidate_for_gold_review,False,"Derived from customer segment, coarse geography, or availability flags expected at order creation.",Confirm final Gold selection and fit any learned categorical handling on training data only.
customer_order_country_match,customer_order_country_match,customer_regional_engineered,categorical_numeric,allowed,deferred_to_gold,yes,low_known_direct_risk,Categorical: 1 groups; 1 met support. Strongest supported group '0' had mean profit $21.97 (+0.00 vs overall).,Highest supported mean: '0' $21.97; lowest: '0' $21.97.,0.0,Minimum support 903; 0 groups below threshold.,AO2 allowed by conceptual screening; still subject to Gold/modeling review.,Candidate for later AO2 Gold/modeling review; do not infer causality or final feature approval.,False,candidate_for_gold_review,False,"Derived from customer segment, coarse geography, or availability flags expected at order creation.",Confirm final Gold selection and fit any learned categorical handling on training data only.
customer_order_state_match,customer_order_state_match,customer_regional_engineered,categorical_numeric,allowed,deferred_to_gold,yes,low_known_direct_risk,Categorical: 1 groups; 1 met support. Strongest supported group '0' had mean profit $21.97 (+0.00 vs overall).,Highest supported mean: '0' $21.97; lowest: '0' $21.97.,0.0,Minimum support 903; 0 groups below threshold.,AO2 allowed by conceptual screening; still subject to Gold/modeling review.,Candidate for later AO2 Gold/modeling review; do not infer causality or final feature approval.,False,candidate_for_gold_review,False,"Derived from customer segment, coarse geography, or availability flags expected at order creation.",Confirm final Gold selection and fit any learned categorical handling on training data only.
geo_coordinates_available,geo_coordinates_available,customer_regional_engineered,categorical_numeric,allowed,deferred_to_gold,yes,low_known_direct_risk,Categorical: 1 groups; 1 met support. Strongest supported group '1' had mean profit $21.97 (+0.00 vs overall).,Highest supported mean: '1' $21.97; lowest: '1' $21.97.,0.0,Minimum support 903; 0 groups below threshold.,AO2 allowed by conceptual screening; still subject to Gold/modeling review.,Candidate for later AO2 Gold/modeling review; do not infer causality or final feature approval.,False,candidate_for_gold_review,False,"Derived from customer segment, coarse geography, or availability flags expected at order creation.",Confirm final Gold selection and fit any learned categorical handling on training data only.
customer_city_normalized,customer_city_normalized,customer_regional_engineered,categorical,conditional,needs_group_review,requires_group_review,policy_or_stability_review_required,Skipped direct category ranking: 563 distinct values exceeds the focused EDA limit of 75.,High-cardinality field; review grouping before modeling.,,High-cardinality direct use not reviewed; minimum support was 903.,"Decision-time plausible, but not approved for AO2 modeling without group validation.",Prepare for group validation; do not approve as an AO2 modeling predictor in this issue.,True,conditional_requires_group_review,False,Customer city may be high-cardinality and unstable for direct modeling.,"Review cardinality, privacy, stability, and grouping strategy before modeling use."
order_city_normalized,order_city_normalized,customer_regional_engineered,categorical,conditional,needs_group_review,requires_group_review,policy_or_stability_review_required,Skipped direct category ranking: 3596 distinct values exceeds the focused EDA limit of 75.,High-cardinality field; review grouping before modeling.,,High-cardinality direct use not reviewed; minimum support was 903.,"Decision-time plausible, but not approved for AO2 modeling without group validation.",Prepare for group validation; do not approve as an AO2 modeling predictor in this issue.,True,conditional_requires_group_review,False,Destination city may be high-cardinality and unstable for direct modeling.,"Review cardinality, privacy, stability, and grouping strategy before modeling use."
customer_region_key,customer_region_key,customer_regional_engineered,categorical,conditional,needs_group_review,requires_group_review,policy_or_stability_review_required,Direct bivariate ranking skipped for this review-sensitive field.,High-cardinality descriptor; grouping or train-only aggregate design is needed first.,,Requires approved grouping or train-only aggregate design before modeling.,"Decision-time plausible, but not approved for AO2 modeling without group validation.",Prepare for group validation; do not approve as an AO2 modeling predictor in this issue.,True,conditional_requires_group_review,False,Customer region key combines multiple location levels and may be high-cardinality.,"Review cardinality, privacy, stability, and grouping strategy before modeling use."
order_region_key,order_region_key,customer_regional_engineered,categorical,conditional,needs_group_review,requires_group_review,policy_or_stability_review_required,Direct bivariate ranking skipped for this review-sensitive field.,High-cardinality descriptor; grouping or train-only aggregate design is needed first.,,Requires approved grouping or train-only aggregate design before modeling.,"Decision-time plausible, but not approved for AO2 modeling without group validation.",Prepare for group validation; do not approve as an AO2 modeling predictor in this issue.,True,conditional_requires_group_review,False,Destination region key combines multiple location levels and may be high-cardinality.,"Review cardinality, privacy, stability, and grouping strategy before modeling use."
latitude_rounded,latitude_rounded,customer_regional_engineered,numeric,conditional,needs_group_review,requires_group_review,policy_or_stability_review_required,Direct bivariate ranking skipped for this review-sensitive field.,Granular location field; use only approved coarse grouping or availability flags.,,Requires approved grouping or train-only aggregate design before modeling.,"Decision-time plausible, but not approved for AO2 modeling without group validation.",Prepare for group validation; do not approve as an AO2 modeling predictor in this issue.,True,conditional_requires_group_review,False,Rounded latitude reduces precision but still needs review for geographic granularity and stability.,"Review cardinality, privacy, stability, and grouping strategy before modeling use."
longitude_rounded,longitude_rounded,customer_regional_engineered,numeric,conditional,needs_group_review,requires_group_review,policy_or_stability_review_required,Direct bivariate ranking skipped for this review-sensitive field.,Granular location field; use only approved coarse grouping or availability flags.,,Requires approved grouping or train-only aggregate design before modeling.,"Decision-time plausible, but not approved for AO2 modeling without group validation.",Prepare for group validation; do not approve as an AO2 modeling predictor in this issue.,True,conditional_requires_group_review,False,Rounded longitude reduces precision but still needs review for geographic granularity and stability.,"Review cardinality, privacy, stability, and grouping strategy before modeling use."
_customer_regional_features_processed_timestamp,,customer_regional_engineered,unavailable,not_applicable,excluded,not_applicable,low_known_direct_risk,Not analyzed as an AO2 candidate under the current leakage or target policy.,Excluded from candidate modeling review.,,Not applicable.,Processing metadata or non-business field; not a modeling predictor.,Use only as descriptive context unless policy changes.,False,descriptive_context_only,False,"Pipeline processing timestamp used for lineage, not business prediction.",Retain only for audit lineage; exclude from AO1 and AO2 predictor matrices.
